"ensembl_id","symbol","expr_direction","tes_meth","gfp_meth","meth_diff","log2FC"
"ENSG00000205269","TMEM170B","UP",9.0267225560172,16.5301217101163,-7.50339915409908,0.627523196716731
"ENSG00000227392","HPN-AS1","UP",8.42588402031235,3.8247400680348,4.60114395227755,2.50120356023657
"ENSG00000245552","LOC100129203","DOWN",8.04920784538765,12.1037862240994,-4.05457837871171,-2.72921611994635
"ENSG00000237440","ZNF737","UP",5.04293536392474,6.00167629769271,-0.958740933767971,1.27386306209274
"ENSG00000213963","LOC100130691","DOWN",8.48799443550864,10.8784805168063,-2.3904860812977,-1.55481131721294
"ENSG00000180139","ACTA2-AS1","DOWN",9.89565788972394,8.23133238095665,1.66432550876729,-2.64946557556655
"ENSG00000230417","LINC00856","UP",7.97925853926122,7.09476347842623,0.884495060834988,0.921953286871878
"ENSG00000231298","MANCR","DOWN",6.71829875309934,10.467024500574,-3.74872574747471,-4.11209522534066
"ENSG00000224687","RASAL2-AS1","DOWN",4.49690653652205,12.2170290923897,-7.72012255586765,-1.00559817359865
"ENSG00000264395","MIR3193","DOWN",0,0,0,-1.53106365244002
"ENSG00000254876","SUGT1P4-STRA6LP","DOWN",5.45278172351548,7.273471177246,-1.82068945373052,-4.68654224714459
"ENSG00000167912","TOX-DT","DOWN",12.5884004959412,9.53855926804135,3.04984122789988,-1.43852577827283
"ENSG00000232759","STEAP1B-AS1","DOWN",9.31780091280338,12.1294545000087,-2.81165358720532,-2.35084213157244
"ENSG00000224184","MIR3681HG","DOWN",9.19415643120787,13.9062793276275,-4.71212289641964,-2.09048726175158
"ENSG00000227630","LINC01132","DOWN",17.0457682955179,6.33406260006247,10.7117056954555,-2.01952440709334
"ENSG00000232677","LINC00665","UP",7.70844336254447,8.01903818024612,-0.310594817701652,0.785768910434524
"ENSG00000228495","LINC01013","DOWN",7.75251065205396,14.098291079257,-6.34578042720306,-1.77243794029325
"ENSG00000237807","LINC02984","DOWN",12.9874297818768,13.2834854789531,-0.296055697076332,-1.94283108714197
"ENSG00000269386","RAB11B-AS1","UP",9.11468654119078,10.6397133164653,-1.52502677527453,2.2736160020604
"ENSG00000265390","MIR4999","UP",3.79209057315365,0,3.79209057315365,6.17577500956963
"ENSG00000249917","LINC00536","UP",10.2967504676499,19.0082141574896,-8.71146368983972,2.49894991652288
"ENSG00000265817","FSBP","DOWN",8.85208800957874,12.0877336052983,-3.23564559571959,-0.438181450580978
"ENSG00000236520","GPC6-AS1","DOWN",6.18181569386017,11.7533805404402,-5.57156484658,-2.14072895545718
"ENSG00000228213","NLGN1-AS1","DOWN",10.3732279977448,22.2648341328626,-11.8916061351179,-2.92996737994309
"ENSG00000176124","DLEU7-AS1","DOWN",6.23706079824137,10.9943911680865,-4.75733036984509,-0.457944312860946
"ENSG00000226017","PRICKLE2-AS3","DOWN",4.68770629690685,8.12206918730357,-3.43436289039672,-2.00214598384097
"ENSG00000242512","LINC01206","UP",14.0769910445342,22.0924394676509,-8.01544842311668,2.04678066049993
"ENSG00000175215","CTDSP2","DOWN",7.70794281498583,4.41030930891031,3.29763350607553,-0.507620351571397
"ENSG00000236819","LINC01563","DOWN",12.4665322178599,15.7018655277407,-3.23533330988084,-2.74122524906646
"ENSG00000235180","LINC00601","DOWN",9.08605955388421,18.7581253123185,-9.67206575843431,-2.57812006201003
"ENSG00000112984","KIF20A","DOWN",7.22153629533851,2.74035055816074,4.48118573717777,-3.75413861695281
"ENSG00000076053","RBM7","DOWN",7.90708111829319,14.3011873366146,-6.39410621832137,-1.2572513927326
"ENSG00000183722","LHFPL6","DOWN",6.14856198706168,10.7911353317873,-4.64257334472565,-0.990423068889094
"ENSG00000271334","LINC02104","DOWN",10.4361129764267,14.6697716910119,-4.23365871458523,-6.24500283967674
"ENSG00000231185","SPRY4-AS1","UP",10.9571681811187,11.3335001200803,-0.37633193896159,0.906516393968403
"ENSG00000254300","LINC01111","DOWN",8.26691244634244,15.4695584065201,-7.20264596017766,-3.96004088084632
"ENSG00000251076","LOC101927023","DOWN",6.60148264407602,14.8287476193881,-8.22726497531212,-2.65125004523638
"ENSG00000237595","LINC01275","DOWN",10.4113633739256,7.25886049564598,3.15250287827966,-1.68595697656214
"ENSG00000233527","ZNF529-AS1","UP",10.4586605928094,13.0475845300782,-2.58892393726873,0.796050300521622
"ENSG00000264301","LINC01444","DOWN",1.09404748450287,0,1.09404748450287,-2.23592631133961
"ENSG00000237013","LINC01812","UP",6.6128548234282,11.9666497637964,-5.35379494036818,4.91418479899146
"ENSG00000250548","LINC01303","DOWN",3.6887392029876,5.51906535678675,-1.83032615379915,-1.11915081849139
"ENSG00000253210","DENND3-AS1","UP",20.0639948803353,11.7864318326345,8.27756304770083,3.96524541434289
"ENSG00000235501","ALG14-AS1","DOWN",8.99454964038874,11.4827641495995,-2.4882145092108,-2.20705869286005
"ENSG00000235834","LOC101928389","DOWN",5.77069377889426,8.10018998373311,-2.32949620483885,-1.37537778632503
"ENSG00000234028","EIF2AK3-DT","UP",10.7760146237021,24.628145014825,-13.8521303911229,0.804313193445747
"ENSG00000219665","ZNF433-AS1","UP",9.36212293365109,11.0465408846522,-1.68441795100114,0.785510024000305
"ENSG00000256120","SOX5-AS1","DOWN",8.70940303113599,10.8082841104097,-2.09888107927369,-1.13948034848054
"ENSG00000267201","LINC01775","DOWN",14.3615590145096,2.71774756127378,11.6438114532358,-1.86601126494684
"ENSG00000224865","LOC101928782","UP",12.5547552317665,13.4270679098897,-0.872312678123233,1.84706751210917
"ENSG00000256195","LOC101928940","DOWN",7.69291739821829,11.502411332505,-3.80949393428667,-2.37262517231527
"ENSG00000278390","KBTBD6-DT","UP",5.51975144204755,7.51717756737524,-1.99742612532769,1.3240380750688
"ENSG00000231365","WARS2-AS1","DOWN",17.5161414784502,26.0099095566483,-8.49376807819818,-1.36704766219314
"ENSG00000245552","LNCRNA-IUR","DOWN",8.54990303697518,12.8508813741232,-4.30097833714805,-2.72921611994635
"ENSG00000231817","LINC01198","UP",5.46272120642272,6.10065579249746,-0.637934586074747,4.24661279650052
"ENSG00000229656","ITGB1-DT","DOWN",6.08451677786267,7.60556412769357,-1.5210473498309,-2.08704380849802
"ENSG00000251136","PARAIL","DOWN",8.83027437293413,15.8022434980634,-6.97196912512928,-1.98035733740297
"ENSG00000180855","ZNF443","UP",4.88852432651459,13.3218610181367,-8.4333366916221,1.43692526526676
"ENSG00000125257","ABCC4","DOWN",8.16097998686887,10.3085395647569,-2.14755957788801,-0.408937869447348
"ENSG00000260850","LOC102723323","UP",7.53684457472671,10.5657358323826,-3.02889125765593,3.99017069168266
"ENSG00000227496","LOC102723834","DOWN",10.5782040171307,9.16239457506894,1.41580944206179,-1.27883230014704
"ENSG00000231574","LINC02015","DOWN",8.35732903678536,14.7587131695935,-6.40138413280813,-3.012090746699
"ENSG00000176124","DLEU1","DOWN",5.15797938335861,8.10528229189197,-2.94730290853336,-0.457944312860946
"ENSG00000183778","B3GALT5","DOWN",8.0751974776519,9.88496835612447,-1.80977087847257,-2.00889317730294
"ENSG00000132274","TRIM22","DOWN",3.92686627507712,7.82388329485835,-3.89701701978123,-2.10327044909659
"ENSG00000116874","WARS2","UP",19.498565611173,32.7722653913564,-13.2736997801834,0.368188962969833
"ENSG00000164442","CITED2","DOWN",1.46094243682496,2.89855761330032,-1.43761517647536,-2.26508357876526
"ENSG00000104324","CPQ","DOWN",9.61443583355416,17.8089105853404,-8.19447475178625,-0.794774767547139
"ENSG00000255317","LOC105369558","DOWN",10.2871713343355,19.8604733162954,-9.5733019819599,-2.61504810799477
"ENSG00000273415","LINC02725","DOWN",8.56762306735289,15.4208564115026,-6.85323334414968,-3.93304306675121
"ENSG00000214650","LOC105370047","DOWN",11.285810406594,3.85317326525186,7.4326371413421,-0.934359259524019
"ENSG00000261136","LOC105370941","UP",2.74554508961652,3.25649371395981,-0.510948624343296,0.783952494232264
"ENSG00000277639","CHD9NB","UP",12.6169153290646,12.41152431731,0.205391011754617,2.20450730202568
"ENSG00000267028","TCF4-AS1","DOWN",6.17019933294353,12.3341862701234,-6.16398693717991,-1.99118538427926
"ENSG00000283667","LOC105372165","DOWN",4.65918075735286,6.90772468760862,-2.24854393025576,-3.2206667307216
"ENSG00000286081","LOC105373682","DOWN",9.60044140199728,18.0115098799927,-8.41106847799543,-6.00323840490122
"ENSG00000240006","LINC02004","DOWN",6.28789439913954,6.07536526363994,0.212529135499601,-6.01486189894254
"ENSG00000232053","LOC105375523","UP",8.1307330473552,11.9170327300842,-3.78629968272901,1.70348445728628
"ENSG00000249867","LINC02742","DOWN",7.3496194308448,12.8272978246014,-5.47767839375656,-3.6996990279168
"ENSG00000287158","LOC105377188","DOWN",5.56135547188045,11.0163001761748,-5.45494470429437,-2.90835476086004
"ENSG00000250195","LOC105377448","UP",6.20873395767335,7.30767070647939,-1.09893674880604,2.31518453936675
"ENSG00000249236","LOC105378976","DOWN",10.6672797647815,9.39257297250554,1.27470679227594,-2.42366127723422
"ENSG00000119655","NPC2","UP",5.30149169282628,7.78112104723004,-2.47962935440376,1.04612342135052
"ENSG00000280744","LINC01173","DOWN",10.204570121764,9.58222203154569,0.62234809021836,-6.38582338863091
"ENSG00000121774","KHDRBS1","DOWN",13.0846916161219,10.7294450491179,2.35524656700402,-0.690061880253966
"ENSG00000145632","PLK2","DOWN",5.08389010914118,4.89139796294497,0.192492146196207,-1.93707086403495
"ENSG00000196683","LOC107986346","DOWN",4.28955050548875,0,4.28955050548875,-1.28428933833322
"ENSG00000234323","LOC107987108","DOWN",7.74051639782087,13.1157817584372,-5.37526536061638,-2.94046454675619
"ENSG00000112983","BRD8","DOWN",9.44638400138179,9.00495797914113,0.441426022240659,-1.12995909018701
"ENSG00000137959","IFI44L","UP",9.81848514292629,14.8793638373562,-5.06087869442994,0.766265892562572
"ENSG00000168090","COPS6","DOWN",15.7362046044745,4.28488035459776,11.4513242498767,-1.13777379388411
"ENSG00000125868","DSTN","DOWN",8.75522225665125,10.3798572642723,-1.62463500762108,-2.43665593810999
"ENSG00000070778","PTPN21","DOWN",6.52432377488306,8.39451669415965,-1.87019291927659,-0.72627771489745
"ENSG00000111615","KRR1","DOWN",6.4373000482743,15.2477774391898,-8.81047739091548,-1.02413496793834
"ENSG00000197150","ABCB8","UP",26.8122844284252,8.07166999827534,18.7406144301499,0.658510954492078
"ENSG00000203668","CHML","UP",10.0741916328309,23.9459661191842,-13.8717744863533,0.448769159972225
"ENSG00000222041","CYTOR","DOWN",1.64174049405138,2.07887513945636,-0.43713464540498,-3.47570757349294
"ENSG00000138435","CHRNA1","UP",9.40737736501699,8.84560247959657,0.561774885420428,4.47467351207921
"ENSG00000144589","STK11IP","UP",9.61461722324471,3.90412498898774,5.71049223425697,0.53443797596563
"ENSG00000154451","GBP5","UP",5.92459406058756,8.83566450706599,-2.91107044647843,1.15708557105979
"ENSG00000156928","MALSU1","DOWN",11.2896231017848,21.5537077078835,-10.2640846060987,-0.860627702476506
"ENSG00000139668","WDFY2","DOWN",6.12689202952842,7.17849991727547,-1.05160788774705,-0.823877497174114
"ENSG00000163428","LRRC58","DOWN",8.89115147689283,9.05060595709143,-0.159454480198608,-2.28040921850406
"ENSG00000173207","CKS1B","DOWN",3.7210263685445,8.13218193215944,-4.41115556361494,-2.01814909464088
"ENSG00000150551","LYPD1","UP",8.94226731389135,11.728065692385,-2.78579837849361,1.36799247914412
"ENSG00000179988","PSTK","UP",8.04028262751104,12.1513771870957,-4.11109455958466,1.19553738469987
"ENSG00000139154","AEBP2","DOWN",6.64137921128146,8.42480271622724,-1.78342350494578,-0.820244566614359
"ENSG00000284526","LOC122455342","DOWN",8.14168667905207,1.48111222719363,6.66057445185845,-1.29444883668847
"ENSG00000254602","MIR130AHG","DOWN",7.74642720819529,9.48446076507372,-1.73803355687843,-1.78691714221297
"ENSG00000076554","TPD52-MRPS28","DOWN",11.8351246181433,17.1444679418558,-5.30934332371245,-1.16323520072547
"ENSG00000201157","LOC124900256","DOWN",0,0,0,-3.53395852668258
"ENSG00000252722","LOC124900369","UP",3.84392052570372,0.894461842893644,2.94945868281008,3.73797631103369
"ENSG00000286871","LOC124901358","UP",6.34193112195602,12.8856408638614,-6.54370974190533,2.95193922294729
"ENSG00000253196","LOC124902033","UP",8.77564632148428,5.38000759443771,3.39563872704657,5.85982434076289
"ENSG00000287769","LOC124902204","DOWN",5.03658669264593,2.78395831240236,2.25262838024357,-1.05576831034043
"ENSG00000257732","LOC124903002","UP",8.55456701724519,5.13205902067076,3.42250799657443,1.13554364599923
"ENSG00000273768","LOC124904613","DOWN",0,0,0,-2.39835136440472
"ENSG00000168234","TTC39C","DOWN",6.61756343293002,8.72134042518285,-2.10377699225283,-0.545692491591934
"ENSG00000177599","ZNF491","UP",9.576811031898,13.5370520058584,-3.96024097396044,0.621921894674172
"ENSG00000143353","LYPLAL1","DOWN",8.46734134661747,14.9485709863641,-6.48122963974664,-1.75758082067228
"ENSG00000116205","TCEANC2","UP",10.414039992956,13.8161433055861,-3.40210331263011,0.413661960635477
"ENSG00000259202","SMAD3-AS1","DOWN",11.3298176653432,9.95690534843811,1.37291231690505,-0.904029230742892
"ENSG00000144810","COL8A1","DOWN",7.23367447804204,11.6405747936913,-4.40690031564923,-3.6564954861073
"ENSG00000153086","ACMSD","UP",6.71296729738344,9.23558827297966,-2.52262097559622,2.57371085405223
"ENSG00000060718","COL11A1","DOWN",5.7572404260815,9.44942309483141,-3.69218266874991,-5.97911231595359
"ENSG00000111799","COL12A1","DOWN",8.52473460534037,13.8613623261063,-5.33662772076589,-3.12431620296627
"ENSG00000153237","CCDC148","UP",5.86201600840399,9.33934920227575,-3.47733319387176,0.891499938008677
"ENSG00000057019","DCBLD2","DOWN",7.53992927682568,11.0220040458465,-3.48207476902085,-2.59420650209385
"ENSG00000197261","C6orf141","UP",4.71596333039356,3.14012940424953,1.57583392614403,2.66438601942832
"ENSG00000229140","CCDC26","UP",9.82353206082357,17.3526835344564,-7.52915147363278,2.52395152114558
"ENSG00000186767","SPIN4","DOWN",5.91004126452354,7.12649162561972,-1.21645036109618,-2.61537948171762
"ENSG00000151414","NEK7","UP",8.34909159464972,15.8484360528169,-7.49934445816722,0.378787638079613
"ENSG00000196867","ZFP28","UP",8.39060139152826,12.2767079674072,-3.8861065758789,0.451635225686936
"ENSG00000008405","CRY1","DOWN",6.51571020168116,8.15874741523668,-1.64303721355551,-0.962649734188515
"ENSG00000139174","PRICKLE1","DOWN",6.64431794412359,7.14531652116074,-0.500998577037144,-0.940352669403837
"ENSG00000180481","GLIPR1L2","UP",5.11428017914295,7.53143076231846,-2.41715058317551,2.39500360242162
"ENSG00000167767","KRT80","DOWN",5.58840966047558,1.35913748533793,4.22927217513764,-2.1588708727259
"ENSG00000259527","LINC00052","DOWN",9.09851424526892,20.4520694253557,-11.3535551800867,-4.81643204184559
"ENSG00000038427","VCAN","DOWN",7.99667475921138,14.8030961049106,-6.80642134569926,-3.3430689830481
"ENSG00000175662","TOM1L2","DOWN",12.0976052877106,9.32514256034016,2.77246272737044,-0.675245313410326
"ENSG00000196172","ZNF681","DOWN",6.55068662315842,6.97183004984391,-0.421143426685495,-1.39809556495663
"ENSG00000196437","ZNF569","UP",11.129549623953,19.9085906951508,-8.77904107119785,0.535977909804524
"ENSG00000171827","ZNF570","UP",12.5514991995459,13.529058404455,-0.977559204909117,0.632824856746362
"ENSG00000118523","CCN2","DOWN",1.73878690321668,3.22795415991054,-1.48916725669386,-7.80301925281702
"ENSG00000222009","BTBD19","DOWN",10.768029856881,8.18871164868746,2.57931820819352,-2.31380886173791
"ENSG00000186522","SEPTIN10","DOWN",10.5325303706953,10.5506924078555,-0.0181620371601543,-1.10934164401897
"ENSG00000270194","GOLGA4-AS1","DOWN",6.88211961728833,7.46860037189727,-0.586480754608939,-0.587497482034263
"ENSG00000146411","SLC2A12","UP",11.5542471411337,15.6168847957607,-4.06263765462701,0.586774824154141
"ENSG00000146373","RNF217","DOWN",8.43300907739867,15.5353210168706,-7.10231193947194,-0.828899712176305
"ENSG00000155158","TTC39B","UP",9.68869615441262,13.0822430594076,-3.39354690499503,1.32394058395456
"ENSG00000235387","SPAAR","DOWN",11.7757571184132,9.38065549726084,2.39510162115235,-1.7406237387263
"ENSG00000276644","DACH1","DOWN",5.29708101891842,8.94663264185608,-3.64955162293766,-1.36143841402169
"ENSG00000173402","DAG1","DOWN",8.58296775401656,4.89417574032431,3.68879201369225,-0.661052594381436
"ENSG00000172717","GARIN2","UP",4.83925503845192,6.23947971623,-1.40022467777808,2.23905806210608
"ENSG00000196730","DAPK1","DOWN",10.1130483411933,12.6450810700956,-2.5320327289023,-0.943165896543244
"ENSG00000249709","ZNF564","UP",12.695968102631,9.11482881415292,3.58113928847807,0.68209715782828
"ENSG00000188283","ZNF383","UP",10.8622962039302,10.2699330268153,0.592363177114892,0.513711785432966
"ENSG00000146250","PRSS35","DOWN",13.6296120903485,11.087507301144,2.54210478920444,-5.51440540427932
"ENSG00000196705","ZNF431","UP",8.21282960103438,8.806341227712,-0.593511626677627,0.4007094024536
"ENSG00000171456","ASXL1","DOWN",13.0116175783315,12.8270375519538,0.184580026377661,-1.35638491472459
"ENSG00000038002","AGA","DOWN",7.62258557609406,10.1991523057836,-2.57656672968949,-2.08805752616634
"ENSG00000107614","TRDMT1","DOWN",5.10798126107769,8.19668904962022,-3.08870778854253,-0.443946032392016
"ENSG00000101384","JAG1","UP",14.1867210678834,12.5438264850111,1.64289458287236,1.06960210802111
"ENSG00000138166","DUSP5","UP",8.32110386254494,11.3466754975476,-3.02557163500266,1.07697005461803
"ENSG00000133740","E2F5","DOWN",11.5192415425516,18.0473959993711,-6.52815445681957,-1.1080422776345
"ENSG00000114346","ECT2","DOWN",10.6641637475229,13.4298476909083,-2.76568394338541,-2.38348780336171
"ENSG00000078401","EDN1","DOWN",4.78397577674828,7.06608773170942,-2.28211195496115,-3.80107746007738
"ENSG00000166262","FAM227B","DOWN",6.00267042461895,9.99742464308305,-3.9947542184641,-0.623149685661158
"ENSG00000188501","LCTL","DOWN",15.7606635091662,8.33032875638713,7.43033475277908,-1.52744231164859
"ENSG00000134531","EMP1","UP",6.04246713193156,8.48277506924214,-2.44030793731057,2.19413058995392
"ENSG00000170006","TMEM154","DOWN",5.99478197426364,8.89607304688569,-2.90129107262205,-0.633930753741743
"ENSG00000179300","RTL3","DOWN",3.95402511589661,0.693489076169273,3.26053603972734,-6.53250335750745
"ENSG00000079819","EPB41L2","DOWN",10.5720055778823,16.9587959979148,-6.38679042003255,-1.14644612089306
"ENSG00000044524","EPHA3","DOWN",5.83859649933157,10.872321318422,-5.03372481909039,-3.15926590086563
"ENSG00000006468","ETV1","UP",6.35676569904252,13.0026968441993,-6.64593114515683,0.714458391709034
"ENSG00000182197","EXT1","DOWN",11.6176435810432,17.7506111901631,-6.13296760911993,-0.737993612921289
"ENSG00000170017","ALCAM","DOWN",7.63188589213712,13.2843660637966,-5.65248017165951,-0.712397032830494
"ENSG00000164434","FABP7","UP",7.83730569512616,11.2004892415316,-3.3631835464054,1.11233877737562
"ENSG00000165312","OTUD1","DOWN",4.89329500339842,8.47856380186621,-3.58526879846779,-0.795357821537734
"ENSG00000148541","FAM13C","DOWN",7.56489556382336,12.0738657061915,-4.50897014236815,-4.05831666996138
"ENSG00000165511","ZNF22-AS1","DOWN",13.5667283199529,40.6666629681278,-27.0999346481749,-1.06881315985791
"ENSG00000164530","PI16","UP",13.8539169599208,4.13555506940701,9.71836189051379,5.7811414859086
"ENSG00000140285","FGF7","UP",5.15679188185294,7.32311000994806,-2.16631812809512,5.49135662744891
"ENSG00000139289","PHLDA1","DOWN",2.58033906415364,2.41923132439925,0.161107739754386,-1.52439103261098
"ENSG00000120784","ZFP30","DOWN",7.92877039430316,9.4622480237537,-1.53347762945054,-0.405294412839255
"ENSG00000132640","BTBD3","DOWN",8.50360006694394,15.2640680371627,-6.76046797021878,-1.65860544662467
"ENSG00000211455","STK38L","DOWN",5.59305357657382,7.11779373392778,-1.52474015735396,-1.3936170283718
"ENSG00000133789","SWAP70","UP",5.90313369577825,6.91426335785922,-1.01112966208097,0.81812589788536
"ENSG00000005810","MYCBP2","DOWN",6.00167579821362,10.1712721244914,-4.16959632627783,-0.479511165893836
"ENSG00000100354","TNRC6B","UP",8.33694577974819,8.94741847112389,-0.610472691375701,0.485608119817743
"ENSG00000055208","TAB2","DOWN",10.1998030100952,13.9023533526625,-3.70255034256738,-1.77385425011141
"ENSG00000134324","LPIN1","UP",13.2694670835022,11.0782258612679,2.19124122223429,0.32719145591458
"ENSG00000008853","RHOBTB2","UP",7.08636010057333,2.12688619105701,4.95947390951632,0.622520594356594
"ENSG00000091490","SEL1L3","UP",12.2448690613447,15.5845817527616,-3.33971269141692,0.524996297483815
"ENSG00000115504","EHBP1","DOWN",8.15210956979313,12.7307689196469,-4.57865934985377,-1.4652890133552
"ENSG00000103187","COTL1","DOWN",9.53042433769436,6.03775451962087,3.49266981807349,-0.917256357913558
"ENSG00000089163","SIRT4","UP",10.7395454804117,5.74358325949181,4.9959622209199,1.0790334392374
"ENSG00000175505","CLCF1","DOWN",9.91704180524066,1.9232444915619,7.99379731367875,-0.816700132800604
"ENSG00000075426","FOSL2","DOWN",6.82288094280137,5.98424199897696,0.838638943824416,-2.02028418539159
"ENSG00000107937","GTPBP4","UP",13.325866014913,10.2482645013354,3.07760151357756,0.362432102413564
"ENSG00000153904","DDAH1","DOWN",7.17428472887814,11.5742310698415,-4.39994634096339,-1.4102552100202
"ENSG00000171864","PRND","UP",12.3756563517928,9.51145631198627,2.86420003980653,10.6144647750009
"ENSG00000130147","SH3BP4","DOWN",13.2709774429234,7.20528714361479,6.06569029930857,-1.23245911750187
"ENSG00000182985","CADM1","DOWN",10.4992960931405,18.8892391157454,-8.38994302260497,-0.654909508119764
"ENSG00000125848","FLRT3","DOWN",7.45297686041664,11.3909627297767,-3.93798586936007,-0.772145825664757
"ENSG00000174099","MSRB3","DOWN",5.32861188002264,10.56713379153,-5.23852191150736,-2.47679342621079
"ENSG00000250312","ZNF718","UP",7.48814521529593,9.71254008669103,-2.22439487139511,0.502342165434558
"ENSG00000118873","RAB3GAP2","DOWN",8.58758981223058,12.7239640198126,-4.13637420758203,-0.393072594338608
"ENSG00000151014","NOCT","DOWN",7.60570739859425,5.82947439742486,1.77623300116939,-1.04936811232706
"ENSG00000137094","DNAJB5","UP",12.4126321975922,5.22450505991991,7.18812713767231,0.862904377837642
"ENSG00000164087","POC1A","DOWN",7.50377011009605,3.97730882597009,3.52646128412596,-1.47696776153229
"ENSG00000196155","PLEKHG4","UP",10.4665696976879,2.83249333217007,7.63407636551781,1.56545317355923
"ENSG00000184743","ATL3","DOWN",11.6986709181438,11.1922509498951,0.506419968248673,-0.536593737714312
"ENSG00000018408","WWTR1","DOWN",9.80436298460045,11.0795374083827,-1.2751744237823,-0.484134027033072
"ENSG00000169221","TBC1D10B","DOWN",7.27430017429017,6.94585060900626,0.328449565283901,-0.402762114996775
"ENSG00000079931","MOXD1","DOWN",8.6672077537552,15.4329960390345,-6.76578828527934,-2.06951788285715
"ENSG00000039560","RAI14","DOWN",10.8152417098177,13.6850966908223,-2.86985498100454,-1.74592012432819
"ENSG00000181722","ZBTB20","DOWN",7.79006465568535,13.557524437584,-5.76745978189861,-1.86697803243441
"ENSG00000146021","KLHL3","DOWN",6.65955016778466,7.85683919234484,-1.19728902456018,-0.767118203941474
"ENSG00000138119","MYOF","DOWN",10.2630246534449,12.1153726894158,-1.85234803597088,-0.75883369840593
"ENSG00000109220","CHIC2","DOWN",27.8108106368865,44.4816922582152,-16.6708816213288,-0.721172695151053
"ENSG00000150457","LATS2","DOWN",8.73471756018924,7.52266678260484,1.2120507775844,-3.714509092708
"ENSG00000156642","NPTN","UP",9.25332617027925,13.7982380564733,-4.54491188619403,0.746604983728261
"ENSG00000148677","ANKRD1","DOWN",11.8987837921682,12.2710953318776,-0.372311539709354,-3.09050958730251
"ENSG00000115159","GPD2","DOWN",6.53751296450239,11.0418414854204,-4.50432852091797,-3.49139828918591
"ENSG00000139323","POC1B","UP",5.56772458845928,9.80100242091315,-4.23327783245387,0.719832961708335
"ENSG00000139508","SLC46A3","UP",5.16417945294464,7.15722603373458,-1.99304658078993,1.34357554010342
"ENSG00000259070","LINC00639","DOWN",5.51285361896893,9.9021187828678,-4.38926516389887,-1.88032926124181
"ENSG00000177469","CAVIN1","DOWN",11.9044560750876,5.4158079995416,6.48864807554595,-1.80480037381348
"ENSG00000267106","ZNF561-AS1","UP",11.3160681042689,15.177315704012,-3.86124759974312,0.725671170373876
"ENSG00000196268","ZNF493","DOWN",5.60100680121786,8.48419621501186,-2.883189413794,-0.363292039536699
"ENSG00000147145","LPAR4","DOWN",3.35190314109729,6.30654149936715,-2.95463835826987,-5.1586630435166
"ENSG00000237765","FAM200B","DOWN",9.73053440591258,16.8810654518355,-7.15053104592295,-0.857582390859537
"ENSG00000174136","RGMB","DOWN",8.47045148871235,13.261007379228,-4.79055589051567,-1.19693394432112
"ENSG00000227502","MROCKI","DOWN",3.95434516939605,11.4005754538345,-7.44623028443846,-2.71856955570057
"ENSG00000185942","NKAIN3","DOWN",9.16874597287957,15.7385485581929,-6.56980258531329,-3.61376794806725
"ENSG00000183840","GPR39","DOWN",7.47608457561539,10.1398064712014,-2.66372189558604,-2.34450175994152
"ENSG00000153714","LURAP1L","DOWN",6.67930843922367,10.1581527260687,-3.47884428684505,-0.471740131268805
"ENSG00000071282","LMCD1","DOWN",8.07878255476322,10.8515075299464,-2.77272497518322,-3.22037059286635
"ENSG00000147010","SH3KBP1","UP",7.19182323905711,8.2342944144933,-1.04247117543618,0.7401594762086
"ENSG00000276410","H2BC3","DOWN",3.4388717048222,0,3.4388717048222,-5.28076373057452
"ENSG00000049860","HEXB","UP",8.80231120106384,11.1663869763719,-2.36407577530807,1.65626191720962
"ENSG00000150540","HNMT","DOWN",8.37549533443176,11.86471426167,-3.48921892723822,-5.9575449585292
"ENSG00000096746","HNRNPH3","DOWN",6.03276426447013,11.0212249273468,-4.98846066287671,-0.45793711200515
"ENSG00000196639","HRH1","UP",8.73312273236284,9.51917523194928,-0.78605249958644,0.709191256432205
"ENSG00000110330","BIRC2","DOWN",9.23698631306022,13.3073114897139,-4.07032517665371,-1.56288892473159
"ENSG00000044574","HSPA5","DOWN",5.86949055045159,5.41200425175759,0.457486298693997,-0.614029349759821
"ENSG00000041982","TNC","DOWN",9.1573578361714,11.3845498812308,-2.22719204505943,-0.873798246536076
"ENSG00000254004","ZNF260","UP",11.8881879220268,11.8427330048545,0.0454549171723251,0.483588305953417
"ENSG00000270959","LPP-AS2","DOWN",17.8848593461447,25.5392948841915,-7.65443553804685,-1.57901468292427
"ENSG00000173041","ZNF680","DOWN",8.96253156465504,10.0313392531249,-1.06880768846983,-0.575590143111612
"ENSG00000267041","ZNF850","UP",11.1808234427684,11.3817033316833,-0.200879888914921,0.579027318616292
"ENSG00000119917","IFIT3","UP",6.19630755161915,8.42320573520738,-2.22689818358824,0.59301385679508
"ENSG00000196872","CRACDL","UP",8.09747998457,7.3562464401391,0.7412335444309,4.43466723885198
"ENSG00000006652","IFRD1","DOWN",9.07136357942026,14.8543995170798,-5.78303593765953,-0.529102878934353
"ENSG00000139211","AMIGO2","DOWN",7.37977712529423,17.9723641507462,-10.592587025452,-1.66134759785525
"ENSG00000182628","SKA2","DOWN",15.4973681266482,13.0059815919638,2.49138653468439,-2.09372382458291
"ENSG00000142871","CCN1","DOWN",1.09591941604355,1.13751400230011,-0.0415945862565597,-7.58217516754692
"ENSG00000026103","FAS","DOWN",7.39979278250945,10.9944658503138,-3.59467306780434,-1.25938895929983
"ENSG00000115594","IL1R1","DOWN",9.20143500911683,11.3360279835667,-2.13459297444983,-2.40154244259642
"ENSG00000169429","CXCL8","DOWN",6.78794003367946,1.73652851708313,5.05141151659633,-1.50610918030713
"ENSG00000168264","IRF2BP2","DOWN",2.28778280138768,1.52571424493935,0.762068556448328,-1.28931384831093
"ENSG00000161798","AQP5","DOWN",5.5829257524661,3.05711486714307,2.52581088532303,-2.20863110580287
"ENSG00000091409","ITGA6","UP",8.47548666640157,9.91265463556856,-1.437167969167,1.81707200039209
"ENSG00000125347","IRF1","DOWN",7.88446147077322,6.08521772165639,1.79924374911683,-0.868444743367032
"ENSG00000169047","IRS1","DOWN",8.69292562336322,12.1092975120443,-3.41637188868104,-2.68877871125526
"ENSG00000132470","ITGB4","DOWN",15.5172963325467,3.63164495211133,11.8856513804354,-3.63919859917277
"ENSG00000105855","ITGB8","DOWN",7.26562118252198,13.4528528061928,-6.18723162367078,-3.13290375568598
"ENSG00000150995","ITPR1","DOWN",9.7491408143482,15.1673981873331,-5.41825737298494,-1.53319458479366
"ENSG00000196110","ZNF699","DOWN",11.4938476756713,10.2489552063587,1.24489246931259,-0.788516296658077
"ENSG00000185869","ZNF829","UP",11.0570288269874,11.2528910940935,-0.195862267106069,0.425334313693669
"ENSG00000152439","ZNF773","DOWN",7.66853779419763,6.73291830575707,0.935619488440562,-0.747882844805169
"ENSG00000235927","NEXN-AS1","DOWN",15.2758100362262,9.03297435748391,6.24283567874227,-0.843166949305301
"ENSG00000171346","KRT15","UP",9.20900284794833,3.10179667573255,6.10720617221578,5.24045776785518
"ENSG00000288920","RPSA2","DOWN",3.11709568530679,4.62607887103873,-1.50898318573194,-1.53889135206168
"ENSG00000196756","SNHG17","DOWN",13.6064947325658,7.33474212886415,6.27175260370164,-0.329799572806762
"ENSG00000179270","PCARE","DOWN",8.38921669979275,4.05877763794407,4.33043906184869,-2.18691790821032
"ENSG00000206199","ANKUB1","DOWN",8.74437273622379,11.7180053476243,-2.97363261140053,-1.45454974607971
"ENSG00000178776","C5orf46","DOWN",8.90150093059697,13.7237586747144,-4.82225774411742,-7.38973107380517
"ENSG00000120437","ACAT2","DOWN",7.55493976373094,7.81318081495268,-0.258241051221749,-0.525804162740531
"ENSG00000116977","LGALS8","DOWN",13.7452356547218,17.4530883626255,-3.70785270790369,-1.03494094794596
"ENSG00000224310","LINC01567","UP",6.15701343444185,3.41532910492098,2.74168432952086,1.86962236002258
"ENSG00000221923","ZNF880","UP",10.8083960202038,13.7301925499063,-2.92179652970251,0.626837950473952
"ENSG00000226674","TEX41","DOWN",6.64795345240681,12.46896632801,-5.82101287560318,-2.41296200117719
"ENSG00000229619","MBNL1-AS1","DOWN",4.3836107465956,10.4516402377877,-6.06802949119212,-2.61951537415789
"ENSG00000145012","LPP","DOWN",15.7733353327702,25.0130746895589,-9.23973935678877,-0.988711645170446
"ENSG00000187244","BCAM","DOWN",10.5249709875301,1.65482571169236,8.87014527583777,-0.795757305058021
"ENSG00000134061","CD180","DOWN",9.66597608838287,13.4651486009538,-3.79917251257093,-6.1055334577383
"ENSG00000207971","MIR125B1","DOWN",2.02661245519465,0,2.02661245519465,-2.54482263523716
"ENSG00000207975","MIR181B1","DOWN",6.67588632757013,9.58635843450373,-2.91047210693359,-4.78380293562094
"ENSG00000207870","MIR221","DOWN",5.2453498840332,0,5.2453498840332,-1.7576843465765
"ENSG00000207725","MIR222","DOWN",0,0,0,-1.7473996312823
"ENSG00000277443","MARCKS","DOWN",1.99622170257444,1.18073100636161,0.815490696212826,-2.56399899197586
"ENSG00000171444","MCC","DOWN",8.53484044719836,12.0726597200048,-3.53781927280644,-2.33035239367809
"ENSG00000076242","MLH1","DOWN",7.18481091954759,8.71694718601821,-1.53213626647061,-0.544127708759869
"ENSG00000166670","MMP10","UP",7.48088895734258,9.68672440013658,-2.205835442794,2.77992901653172
"ENSG00000128829","EIF2AK4","DOWN",8.15112409123,11.2005159533174,-3.04939186208741,-1.0433753172083
"ENSG00000196081","ZNF724","DOWN",9.82273388508799,9.60186225935768,0.220871625730314,-2.64926056946183
"ENSG00000125148","MT2A","DOWN",0.252510993172877,1.41019640657521,-1.15768541340233,-1.35995039766018
"ENSG00000185697","MYBL1","DOWN",11.4882513426093,14.8372424472666,-3.34899110465729,-0.564146492549838
"ENSG00000136997","MYC","DOWN",5.7443571433199,4.07184762947101,1.67250951384889,-1.10230748717995
"ENSG00000100345","MYH9","DOWN",7.97553200525209,3.56209330150389,4.4134387037482,-1.19632172634076
"ENSG00000147862","NFIB","DOWN",9.84758188197516,15.4656159382546,-5.61803405627939,-2.96297919606652
"ENSG00000141458","NPC1","UP",9.39126865053142,8.70317217621666,0.688096474314758,1.89164761037418
"ENSG00000164294","GPX8","DOWN",8.72642169722901,10.8144599716353,-2.08803827440634,-2.4278277004194
"ENSG00000110048","OSBP","UP",12.7099129574276,17.2204306682433,-4.51051771081566,0.456700324891323
"ENSG00000246763","RGMB-AS1","DOWN",3.32799794394155,2.03808193018627,1.28991601375528,-2.02925915970871
"ENSG00000168092","PAFAH1B2","DOWN",10.7868907763882,7.77311149902007,3.01377927736812,-0.285354969292886
"ENSG00000153317","ASAP1","DOWN",13.3791274782422,17.3098366115573,-3.93070913331513,-0.335717035447587
"ENSG00000147853","AK3","DOWN",9.84521591396233,12.2342027893386,-2.38898687537625,-0.682547132465733
"ENSG00000137558","PI15","DOWN",9.74464416722811,18.5375965796763,-8.79295241244817,-5.02825208694987
"ENSG00000164011","ZNF691","UP",11.19442333089,7.53529515553086,3.65912817535917,0.500104547792391
"ENSG00000109790","KLHL5","DOWN",9.75999259830798,14.0068086708172,-4.24681607250927,-0.765052504144788
"ENSG00000104427","ZC2HC1A","UP",9.20336428859653,16.0709945057818,-6.86763021718525,0.921258289545807
"ENSG00000136636","KCTD3","DOWN",8.62537685578639,14.5373261050123,-5.91194924922586,-1.6744853438093
"ENSG00000138193","PLCE1","DOWN",8.69429439103733,12.0916187493449,-3.39732435830755,-2.18873645505233
"ENSG00000128510","CPA4","UP",24.335310644438,29.3358413394524,-5.00053069501444,1.29666957078588
"ENSG00000162783","IER5","UP",4.71952636989347,5.86081239445611,-1.14128602456263,0.953947878079241
"ENSG00000196247","ZNF107","DOWN",12.874666584018,13.6774096506462,-0.802743066628226,-1.15297265086188
"ENSG00000166394","CYB5R2","UP",5.22630388772321,5.92970121708245,-0.703397329359236,3.45852481848892
"ENSG00000087095","NLK","UP",11.3350944883748,15.7691831290119,-4.4340886406371,0.778079499536234
"ENSG00000084463","WBP11","UP",6.11013653504726,8.24369417446311,-2.13355763941586,0.501640329691683
"ENSG00000166128","RAB8B","DOWN",12.0810563859638,15.5466170812154,-3.46556069525164,-0.447887207397117
"ENSG00000121879","PIK3CA","UP",9.65839937132943,13.7221866128963,-4.06378724156682,0.349559971139968
"ENSG00000122861","PLAU","UP",13.3239500213128,5.9597063596432,7.36424366166958,1.08353920889924
"ENSG00000152952","PLOD2","DOWN",9.5952555483857,14.4969530065467,-4.90169745816102,-2.15929545857339
"ENSG00000172965","MIR4435-2HG","DOWN",4.76839439459453,5.41042950261379,-0.642035108019261,-2.80062352254469
"ENSG00000179428","IL6-AS1","DOWN",7.5944375037456,12.8834182446203,-5.28898074087474,-2.0208531174489
"ENSG00000143971","ETAA1","DOWN",7.2988077218716,13.5613169386612,-6.26250921678956,-0.926519625128986
"ENSG00000180425","C11orf71","DOWN",11.4630625614692,9.21463432379313,2.24842823767612,-3.65279220717139
"ENSG00000128923","MINDY2","DOWN",14.1760092197217,13.1622263296255,1.01378289009618,-1.39411785500187
"ENSG00000117174","ZNHIT6","DOWN",8.29778648948634,13.1521683246983,-4.85438183521201,-1.94758530998423
"ENSG00000141376","BCAS3","UP",12.9437032130201,15.7103653152119,-2.76666210219182,1.12232496299042
"ENSG00000099260","PALMD","UP",7.97663195625662,14.9936472887582,-7.01701533250159,4.20878864626901
"ENSG00000130748","TMEM160","DOWN",18.1354098636026,2.3839584127266,15.751451450876,-0.863128375537999
"ENSG00000145416","MARCHF1","DOWN",5.1081437255261,8.88791302589527,-3.77976930036917,-1.9349857636374
"ENSG00000137831","UACA","DOWN",9.95185829343337,13.0784505842505,-3.12659229081716,-0.686853591540967
"ENSG00000181458","TMEM45A","DOWN",7.16096190885937,10.6940807503705,-3.53311884151111,-2.81623896736286
"ENSG00000172123","SLFN12","DOWN",11.4311463688579,17.8986747596807,-6.46752839082284,-4.34401311349114
"ENSG00000117593","DARS2","DOWN",9.39454299485827,9.99496568568572,-0.600422690827443,-0.841924080325739
"ENSG00000111785","RIC8B","DOWN",6.25990255826719,11.524646405754,-5.26474384748679,-0.460290161497675
"ENSG00000073711","PPP2R3A","DOWN",9.98748723207316,14.9242780932388,-4.93679086116568,-1.39206905125608
"ENSG00000109674","NEIL3","DOWN",7.30927797806393,11.2458164758648,-3.93653849780087,-3.07750163693906
"ENSG00000110075","PPP6R3","DOWN",11.9542606685551,14.7358557226211,-2.78159505406597,-0.668426554527185
"ENSG00000085377","PREP","DOWN",8.8684978705537,13.7396462423959,-4.87114837184215,-1.27204346626244
"ENSG00000088448","ANKRD10","UP",7.1667188505522,10.7994293559586,-3.63271050540643,0.96053546245939
"ENSG00000211584","SLC48A1","UP",5.5058669242933,3.7474048499807,1.75846207431259,0.395876903016354
"ENSG00000163166","IWS1","DOWN",11.4321178470775,12.7174732907206,-1.28535544364317,-1.7813590494319
"ENSG00000171681","ATF7IP","DOWN",5.37647360829045,7.68879905635399,-2.31232544806354,-0.653223697563807
"ENSG00000068489","PRR11","DOWN",13.4692210994728,9.29203063136173,4.17719046811105,-1.89817888966518
"ENSG00000036054","TBC1D23","DOWN",8.01425395307235,10.6394480815974,-2.62519412852506,-0.777880446186663
"ENSG00000168216","LMBRD1","UP",7.27021583323124,12.5980799497375,-5.32786411650629,0.979616353521818
"ENSG00000115425","PECR","UP",10.108014166298,9.52256115579346,0.585453010504565,1.14284197938226
"ENSG00000047644","WWC3","DOWN",10.2668462506016,9.60244210587931,0.664404144722244,-1.06357292220846
"ENSG00000145431","PDGFC","DOWN",5.93121517168545,10.8028068222417,-4.87159165055626,-1.74980693383625
"ENSG00000125772","GPCPD1","UP",9.59370712961175,11.2476499890095,-1.65394285939774,1.72768959742593
"ENSG00000080822","CLDND1","DOWN",7.24240045857693,11.2396277424483,-3.99722728387137,-0.904703523787032
"ENSG00000070950","RAD18","UP",7.13586705566285,11.1898594449969,-4.05399238933404,0.997584668901638
"ENSG00000176907","TCIM","UP",1.87409650177953,3.77982262642153,-1.905726124642,0.644439421248538
"ENSG00000029153","BMAL2","DOWN",6.08890690350591,8.23055108316059,-2.14164417965468,-1.80920305014529
"ENSG00000104047","DTWD1","DOWN",8.00465528091689,11.5480194477103,-3.54336416679345,-3.92699589639045
"ENSG00000114698","PLSCR4","DOWN",8.04567489769882,13.3571539756405,-5.31147907794165,-1.18462850650656
"ENSG00000000457","SCYL3","UP",8.02689465898087,11.8304981435769,-3.80360348459603,0.464937042393095
"ENSG00000149596","JPH2","DOWN",10.4720942372623,8.60040627483825,1.8716879624241,-2.27267358867133
"ENSG00000151458","ANKRD50","DOWN",5.17813863042224,10.8344283260162,-5.656289695594,-2.74480266200501
"ENSG00000103888","CEMIP","UP",8.05716473129554,7.77809502000894,0.279069711286597,3.59678092005062
"ENSG00000171522","PTGER4","DOWN",8.83682764488194,6.12258175987297,2.71424588500897,-1.39735592485248
"ENSG00000122417","ODF2L","DOWN",7.60819567188471,10.4498928229878,-2.84169715110304,-0.666738139654645
"ENSG00000049618","ARID1B","UP",12.7515466185851,15.9010925366124,-3.14954591802735,0.561523232271387
"ENSG00000168916","ZNF608","DOWN",7.95144033535561,13.073545570498,-5.12210523514236,-0.917096333205561
"ENSG00000197566","ZNF624","UP",9.78984997153941,15.2897669342417,-5.49991696270228,1.53211430791375
"ENSG00000144959","NCEH1","DOWN",11.6026724979202,13.43022344075,-1.82755094282978,-0.613643639244665
"ENSG00000142065","ZFP14","UP",9.61414696493667,11.3455283955576,-1.73138143062091,1.18379331554563
"ENSG00000130803","ZNF317","UP",16.2598745620394,10.1939813918862,6.06589317015316,0.53243481173646
"ENSG00000186020","ZNF529","UP",9.2674774406299,11.9439708980242,-2.67649345739431,0.8189415711911
"ENSG00000152104","PTPN14","DOWN",11.1076703893743,14.6544335416548,-3.54676315228047,-2.98887458076315
"ENSG00000130202","NECTIN2","DOWN",16.0441649023859,6.12568785968194,9.91847704270401,-0.515507164387912
"ENSG00000126461","SCAF1","UP",12.0718740044508,3.08689497473815,8.98497902971267,0.36973192360734
"ENSG00000082126","MPP4","UP",8.85869681075291,11.5389999254991,-2.68030311474621,0.931857806993294
"ENSG00000151748","SAV1","DOWN",7.98214363188226,8.64282414056096,-0.6606805086787,-1.82926370507094
"ENSG00000137500","CCDC90B","DOWN",4.99934920929413,9.68704067259558,-4.68769146330144,-0.741662282143151
"ENSG00000047936","ROS1","DOWN",6.14017675524882,9.52228101323939,-3.38210425799058,-2.87256789989606
"ENSG00000102218","RP2","UP",5.54459400258656,6.30765140579578,-0.763057403209214,0.54908252287816
"ENSG00000235204","LOC613206","DOWN",6.23542708130363,1.33168015482542,4.90374692647821,-2.09675981367405
"ENSG00000186468","RPS23","DOWN",7.69645777400469,10.8028644207122,-3.10640664670748,-0.432884879570593
"ENSG00000171848","RRM2","DOWN",11.7140969060587,7.35789078507832,4.35620612098037,-3.9236403449446
"ENSG00000125864","BFSP1","UP",8.17245012461914,9.40606218162057,-1.23361205700143,0.853706596237451
"ENSG00000108691","CCL2","DOWN",5.44213218294681,1.00699304979901,4.4351391331478,-2.92530036841912
"ENSG00000166801","FAM111A","DOWN",7.87266322125684,18.4632833265459,-10.5906201052891,-1.31120680784574
"ENSG00000137177","KIF13A","DOWN",10.0250335723048,13.8448724032324,-3.81983883092757,-1.42846697648267
"ENSG00000151322","NPAS3","DOWN",7.99138345495991,13.6669923807592,-5.67560892579924,-2.81886389341653
"ENSG00000280055","LINC02912","DOWN",17.8345574486889,19.3059713420912,-1.47141389340231,-1.42548860935472
"ENSG00000205726","ITSN1","DOWN",11.7840487602274,12.3163276909161,-0.532278930688717,-0.956312369658402
"ENSG00000196196","HRCT1","DOWN",0.688903726995947,0.576473482917337,0.112430244078611,-3.29313742715575
"ENSG00000075420","FNDC3B","DOWN",11.8345827370128,16.735462546579,-4.90087980956625,-0.376336117900517
"ENSG00000110080","ST3GAL4","DOWN",12.7157638178941,7.56691853522297,5.1488452826711,-0.92238238412097
"ENSG00000090924","PLEKHG2","DOWN",16.2432269295443,5.34362403129315,10.8996028982511,-0.761600626859129
"ENSG00000168575","SLC20A2","UP",9.30587524714429,6.79412767830329,2.511747568841,1.18303381438676
"ENSG00000080503","SMARCA2","DOWN",11.4626818042857,16.9043167221903,-5.44163491790462,-0.397754410600183
"ENSG00000075618","FSCN1","DOWN",8.76667927730979,1.89013793427131,6.87654134303848,-0.899296760182532
"ENSG00000181449","SOX2","UP",4.19409350984415,2.4771768082479,1.71691670159625,1.2115484218989
"ENSG00000124766","SOX4","UP",5.09709775842027,6.74484916133885,-1.64775140291858,1.27202209278729
"ENSG00000185591","SP1","DOWN",8.31382142465795,5.61982382359738,2.69399760106056,-0.399699014370221
"ENSG00000118785","SPP1","UP",5.39035434368879,7.11534964471502,-1.72499530102623,2.33671177019467
"ENSG00000114850","SSR3","DOWN",9.69647279457992,13.1658949958687,-3.46942220128881,-1.23367179704478
"ENSG00000120656","TAF12","UP",12.736198894851,6.65676010776252,6.07943878708844,0.763392407871027
"ENSG00000148737","TCF7L2","UP",13.2467875852504,14.1779257514416,-0.931138166191255,0.913359170508259
"ENSG00000133639","BTG1","DOWN",1.21483899207448,1.25401333894351,-0.0391743468690291,-1.17085342811991
"ENSG00000163159","VPS72","UP",16.9581514206679,10.7572721450634,6.20087927560448,0.576427196978767
"ENSG00000241186","CRIPTO","UP",9.1824278971091,6.4660171990681,2.716410698041,3.55586131883548
"ENSG00000187079","TEAD1","UP",7.17828140091139,9.36968243754448,-2.19140103663309,1.57307033767246
"ENSG00000132604","TERF2","UP",13.944396560276,13.1910385441301,0.753358016145892,0.687482219960303
"ENSG00000175745","NR2F1","DOWN",4.22820213341315,4.38129677508775,-0.153094641674602,-1.2170313712955
"ENSG00000163513","TGFBR2","DOWN",7.17543903342659,12.4507171429807,-5.27527810955408,-1.8999761310221
"ENSG00000198959","TGM2","UP",13.6246885667195,7.59720842284853,6.02748014387102,2.15038742926106
"ENSG00000137801","THBS1","DOWN",7.67828259313524,5.87315163955705,1.80513095357819,-5.16471413946792
"ENSG00000106829","TLE4","UP",9.07994829759124,15.9919795690073,-6.91203127141602,0.513470281364391
"ENSG00000111907","TPD52L1","DOWN",7.42032579534279,11.1431684333213,-3.7228426379785,-2.07026294216612
"ENSG00000140416","TPM1","DOWN",12.121091346022,12.448675080377,-0.327583734355033,-2.06636952634976
"ENSG00000281398","SNHG4","DOWN",9.28904947092587,12.5386590565503,-3.24960958562442,-1.03822717360007
"ENSG00000197405","C5AR1","DOWN",14.0913368134504,6.55410714221498,7.53722967123542,-1.00161269080651
"ENSG00000233532","LINC00460","DOWN",13.8765980891158,5.86613659836708,8.01046149074872,-2.58679600396079
"ENSG00000267260","LOC728485","UP",10.8296660490149,6.92125965021579,3.90840639879908,2.88750247853986
"ENSG00000242715","CCDC169","DOWN",4.7846857166777,6.57979916855317,-1.79511345187547,-1.98719494617198
"ENSG00000198431","TXNRD1","UP",6.68734900147441,6.07847610139997,0.608872900074446,0.67558623753256
"ENSG00000213967","ZNF726","DOWN",5.97253595565556,9.05093702534958,-3.07840106969402,-2.22054585760941
"ENSG00000026025","VIM","DOWN",1.09572637454591,0.744578223757141,0.351148150788773,-3.55651227831258
"ENSG00000198429","ZNF69","DOWN",5.42308468220193,10.8296725594424,-5.40658787724051,-1.23999462083399
"ENSG00000167232","ZNF91","UP",8.01240775820771,10.9656128791821,-2.95320512097444,0.341841141955364
"ENSG00000181826","RELL1","UP",10.6000365604521,14.3135696763921,-3.71353311594001,0.815843997420874
"ENSG00000196646","ZNF136","UP",12.0525720033387,10.8267565879207,1.22581541541796,0.438153125586389
"ENSG00000131127","ZNF141","UP",10.0801202094082,10.3482657169386,-0.268145507530379,0.60587504562448
"ENSG00000171940","ZNF217","DOWN",8.71073745124482,8.28818622491333,0.422551226331496,-1.28386392604916
"ENSG00000167380","ZNF226","UP",9.74554413149059,13.9124713826479,-4.16692725115727,0.571947490816703
"ENSG00000159882","ZNF230","UP",6.89608544280806,13.2849552697461,-6.38886982693801,0.709419490641326
"ENSG00000110104","CCDC86","UP",8.96178241482625,2.85219137851232,6.10959103631394,0.91408062560232
"ENSG00000130818","ZNF426","DOWN",11.1587275035309,10.7593720791088,0.399355424422046,-0.916664121677094
"ENSG00000169247","SH3TC2","DOWN",6.84437440508221,9.78289491936076,-2.93852051427855,-0.40540798817374
"ENSG00000180801","ARSJ","DOWN",4.80254878090753,8.89701576152721,-4.09446698061968,-3.05204776402712
"ENSG00000176024","ZNF613","DOWN",8.5589151022523,14.3058877012084,-5.74697259895609,-1.2057806687333
"ENSG00000148735","PLEKHS1","UP",10.0528304332289,12.6219024779162,-2.56907204468729,0.598363698026094
"ENSG00000122786","CALD1","DOWN",16.0863896164156,24.471259172407,-8.38486955599142,-3.27393621064106
"ENSG00000119965","C10orf88","DOWN",8.98623071595333,17.1441984638991,-8.15796774794579,-0.671540838471356
"ENSG00000151718","WWC2","DOWN",7.58142168982174,11.1963822487085,-3.61496055888681,-2.86446450765268
"ENSG00000134253","TRIM45","DOWN",19.2643158420931,20.49727243305,-1.2329565909569,-1.64511869236282
"ENSG00000197646","PDCD1LG2","DOWN",7.54804147156345,13.2374770917295,-5.68943562016601,-2.29072165470754
"ENSG00000166682","TMPRSS5","DOWN",7.43339610524025,7.19147126964776,0.241924835592485,-1.19586340633273
"ENSG00000162520","SYNC","UP",12.0685301142623,5.10609162794241,6.96243848631992,1.14437632504601
"ENSG00000139734","DIAPH3","DOWN",5.92807343917495,10.1454814313507,-4.21740799217575,-2.95655988875074
"ENSG00000145349","CAMK2D","DOWN",5.19884868885004,8.80789132669202,-3.60904263784198,-2.65329495309456
"ENSG00000187678","SPRY4","UP",9.63001693080002,10.5719729065773,-0.941955975777239,2.40423791327406
"ENSG00000213020","ZNF611","UP",12.3065477854069,11.4209370757209,0.885610709685963,0.701980667402761
"ENSG00000162909","CAPN2","DOWN",11.4629626610469,8.49818589817855,2.96477676286836,-0.633107700493175
"ENSG00000278463","H2AC4","DOWN",2.53005449414479,0,2.53005449414479,-6.03171697076336
"ENSG00000277224","H2BC7","DOWN",0,0,0,-5.44746146801954
"ENSG00000171962","DRC3","UP",13.1828249010419,7.88008691741115,5.30273798363074,1.0310062094528
"ENSG00000287080","H3C3","DOWN",1.80241446632417,0,1.80241446632417,-5.79750108530536
"ENSG00000286522","H3C2","DOWN",0,0,0,-5.57053096080474
"ENSG00000158406","H4C8","DOWN",0.705364898830871,0,0.705364898830871,-3.18235928344779
"ENSG00000109113","RAB34","DOWN",6.45991403299747,3.14212441875378,3.31778961424369,-1.20401283771691
"ENSG00000115363","EVA1A","DOWN",8.03062959900215,13.4121921376836,-5.38156253868145,-1.23060923554926
"ENSG00000097096","SYDE2","DOWN",8.69224979522471,12.3143043900081,-3.62205459478336,-0.80061087097336
"ENSG00000150347","ARID5B","DOWN",9.55950586064205,12.9329078740506,-3.37340201340852,-2.83706279395299
"ENSG00000242125","SNHG3","DOWN",5.34154611397683,7.29153988149291,-1.94999376751608,-0.611399630217645
"ENSG00000170903","MSANTD4","DOWN",8.75738497250494,20.0207056602418,-11.2633206877368,-0.611271362551032
"ENSG00000184384","MAML2","DOWN",8.63306283650342,13.1126630737754,-4.47960023727198,-0.880524979085276
"ENSG00000163376","KBTBD8","UP",5.13510829383959,11.901699447957,-6.76659115411743,1.32607057777206
"ENSG00000149571","KIRREL3","DOWN",12.2193671310652,12.1234978249252,0.095869306139921,-1.39281580597566
"ENSG00000072201","LNX1","DOWN",19.6521962107278,31.7334216791779,-12.0812254684501,-2.22233073459876
"ENSG00000132185","FCRLA","UP",3.2776184815925,4.98434610629111,-1.7067276246986,3.57170731162914
"ENSG00000186017","ZNF566","UP",10.84537112189,13.6386958818514,-2.79332475996137,0.4381544927826
"ENSG00000122335","SERAC1","DOWN",11.0680887045649,12.1247401670327,-1.05665146246781,-1.42728732737514
"ENSG00000272767","JMJD1C-AS1","DOWN",1.41305802020241,5.2048299132215,-3.79177189301909,-0.948315851221919
"ENSG00000018510","AGPS","DOWN",7.64408854455332,11.1716614368946,-3.52757289234133,-1.85829404216926
"ENSG00000105974","CAV1","DOWN",10.8278082950537,14.0464341643767,-3.21862586932297,-4.05488094375317
"ENSG00000105971","CAV2","DOWN",9.11488103310081,17.0929638270154,-7.97808279391462,-0.551472159169999
"ENSG00000124813","RUNX2","DOWN",9.04675301932114,13.2300863075791,-4.183333288258,-0.998250940967586
"ENSG00000114423","CBLB","DOWN",7.6328730094977,11.5486129663509,-3.91573995685322,-0.496728803296497
"ENSG00000101782","RIOK3","DOWN",8.50739898023855,9.27845525788807,-0.771056277649519,-0.908157569653469
"ENSG00000118257","NRP2","UP",8.47411130352903,8.92045130581382,-0.446340002284789,0.530346631422755
"ENSG00000115525","ST3GAL5","UP",8.24065699014204,8.54677511880877,-0.306118128666727,1.61560766623528
"ENSG00000078269","SYNJ2","DOWN",14.5677097352488,8.07177133210786,6.49593840314098,-1.6439526078967
"ENSG00000165572","KBTBD6","DOWN",4.37603169012307,6.88675421086896,-2.51072252074589,-1.16513053761728
"ENSG00000134146","DPH6","DOWN",7.05571045828032,11.5917713115843,-4.53606085330401,-0.508858203235825
"ENSG00000113328","CCNG1","DOWN",6.99297058517028,11.6144526656185,-4.62148208044826,-0.491348870231614
"ENSG00000006062","MAP3K14","DOWN",14.5155449320439,7.05384949345932,7.46169543858462,-0.962217218465588
"ENSG00000001460","STPG1","DOWN",11.9456422553302,10.8679179600452,1.07772429528494,-0.681074050438884
"ENSG00000196466","ZNF799","UP",7.93098650167542,9.11717775869775,-1.18619125702233,1.81302849041214
"ENSG00000166562","SEC11C","UP",6.08717548782462,5.09943119643793,0.987744291386695,1.56102971451726
"ENSG00000108389","MTMR4","UP",15.9954532160586,14.4639898759852,1.53146334007342,0.650201686160319
"ENSG00000197124","ZNF682","DOWN",10.2298658659357,8.0770784068503,2.15278745908536,-0.548860583734201
"ENSG00000168679","SLC16A4","DOWN",9.94158697081004,13.9403757269371,-3.99878875612706,-1.94265420220558
"ENSG00000120334","CENPL","DOWN",9.10821615628533,13.0303481624414,-3.92213200615605,-0.967304063768795
"ENSG00000173214","MFSD4B","DOWN",10.3153798437089,12.7119822764778,-2.39660243276898,-0.741435131012645
"ENSG00000140450","ARRDC4","UP",11.1208407556227,22.3773717571581,-11.2565310015354,0.712966028689454
"ENSG00000133083","DCLK1","DOWN",6.5789190567378,9.30597461870325,-2.72705556196544,-1.54654639102677
"ENSG00000093167","LRRFIP2","DOWN",7.24194453902525,9.01768421789145,-1.7757396788662,-0.702772834745611
"ENSG00000101558","VAPA","DOWN",15.1991524806423,24.8563809194591,-9.6572284388168,-0.642858929303812
"ENSG00000197808","ZNF461","UP",10.5310544079141,10.8812182664335,-0.350163858519423,0.64436444725908
"ENSG00000245680","ZNF585B","UP",11.0324399559172,12.2520174897712,-1.21957753385403,0.460571790827273
"ENSG00000185236","RAB11B","UP",11.3191434738299,3.12195790811942,8.19718556571043,0.915690962596371
"ENSG00000135898","GPR55","DOWN",6.96545585218626,5.79470817287209,1.17074767931417,-2.44782923374643
"ENSG00000159917","ZNF235","UP",7.60597714532965,10.8555733972636,-3.24959625193397,1.00179828386832
"ENSG00000171469","ZNF561","UP",8.21863178516519,11.4599880559034,-3.2413562707382,0.402500097503388
"ENSG00000134986","NREP","DOWN",7.59367736499992,13.8911981430894,-6.29752077808948,-1.07452891147542
"ENSG00000198542","ITGBL1","DOWN",5.81969586699349,10.0977833726847,-4.27808750569118,-2.20640017086012
"ENSG00000146376","ARHGAP18","DOWN",7.99758296693525,11.348721083202,-3.35113811626673,-1.47252269077153
"ENSG00000172057","ORMDL3","UP",12.0059515975303,4.82100278606976,7.18494881146057,0.553370296885018
"ENSG00000075391","RASAL2","DOWN",8.53007314657772,13.0703713256517,-4.54029817907394,-2.03243441382599
"ENSG00000102230","PCYT1B","DOWN",6.89779574037719,7.1822042631908,-0.284408522813615,-0.481095012558731
"ENSG00000116209","TMEM59","UP",7.66146287966443,4.88520221144201,2.77626066822242,1.09299035445885
"ENSG00000085063","CD59","DOWN",7.56960514254952,10.138803400859,-2.56919825830946,-0.522514532764117
"ENSG00000198846","TOX","DOWN",11.5683644732011,19.1281062164108,-7.5597417432097,-1.79298808750509
"ENSG00000015479","MATR3","DOWN",10.7661971964074,12.1913838652424,-1.42518666883499,-0.939251850564878
"ENSG00000165733","BMS1","DOWN",8.56030487795203,12.5285151104332,-3.9682102324812,-1.25828715518513
"ENSG00000178567","EPM2AIP1","DOWN",3.96754900370765,5.52037390478905,-1.5528249010814,-0.76031115461596
"ENSG00000148396","SEC16A","DOWN",17.7263041078149,6.69071004455366,11.0355940632612,-0.687632485498337
"ENSG00000168795","ZBTB5","UP",9.72727751268966,9.02369686904182,0.703580643647836,0.41794738245084
"ENSG00000110852","CLEC2B","UP",3.90020512206418,4.96653685489627,-1.06633173283209,0.752937849986559
