gene_symbol,baseMean,log2FoldChange,padj
COL11A1,2984.65620827564,-5.97911231595359,0
THBS1,12319.4478488787,-5.16471413946792,0
AMOTL2,1987.73336740855,-5.97202541163863,6.32982951204309e-301
DDR2,3045.79964205334,-4.52405488046812,8.7128848639006e-284
PDE1C,3988.73035117867,-4.11908970201714,5.07136069696543e-269
ITGB3,1536.58926328561,-4.24773261828121,2.94707693785138e-230
ADAMTSL1,1694.14119238008,-4.24994949902985,6.19452497938647e-211
ABI3BP,2458.25911607693,-3.92593960471013,1.71327769923472e-200
GLDN,2827.97531055777,-4.12653644841925,2.32003216162517e-197
VCAN,13303.7072072348,-3.3430689830481,8.25270594826487e-197
CDH11,4361.05033151811,-3.51266605280108,1.84652099612702e-194
MID1,1114.52480103151,-4.14934057568253,2.46833474791903e-192
PARVA,737.578321605466,-5.13370211651562,8.32659477609049e-191
DHRS3,3223.63058221268,-3.40999963743536,1.85849980385949e-190
XKR4,1181.79633356271,-4.14719861683479,9.10686780262435e-185
CCN1,1225.4248327505,-7.58217516754692,2.48648936860275e-184
TGFA,1496.60879274217,-4.23680464976558,1.58367137208068e-175
MBNL2,884.393731871934,-4.87160817326055,1.59855851212008e-174
GPD2,2084.63794933134,-3.49139828918591,2.36239889395986e-167
ITGB8,6479.41630709051,-3.13290375568598,1.00113019720093e-161
PI15,1724.1704136895,-5.02825208694987,2.88158215354081e-156
DAB2,523.873888867927,-4.75916780426494,3.62467344947086e-153
LIMCH1,3423.41899863011,-3.1060039256628,3.32694622750626e-149
CALD1,4937.77610140333,-3.27393621064106,4.13596506392006e-149
EPHA3,4526.82238488291,-3.15926590086563,1.5599374742183e-148
KIF18B,634.144656343572,-3.90802466545713,1.64805044390016e-145
GBE1,1477.26682241053,-3.74262091969869,2.92866199019792e-145
EPSTI1,991.89938774535,-3.75459301799046,3.19863847378109e-144
SEMA3C,2567.43804580281,-3.33817481768924,1.24805669539075e-129
CUEDC1,1438.07575451222,-3.10594017008297,2.44172450243627e-129
CAV1,2255.8378878697,-4.05488094375317,1.30942435146464e-127
ARID5B,7977.24264140739,-2.83706279395299,1.30942435146464e-127
UNC5C,1723.78913363643,-3.14050847859916,1.84459044230968e-127
ADAM19,4167.06237446488,-2.86396387233607,8.26956066572313e-123
RARB,1057.82482264415,-3.21209099783835,1.33757706879539e-122
PSD3,4234.51748008596,-3.11111775157525,1.55059069425127e-122
DCBLD2,15386.4109331694,-2.59420650209385,8.09507897533245e-122
PTPN14,1715.1400598654,-2.98887458076315,3.32107645375999e-121
COL12A1,3581.97440057399,-3.12431620296627,5.82362331312125e-121
ARSJ,1618.42653213867,-3.05204776402712,6.87454054232262e-121
NFIB,2705.16368521324,-2.96297919606652,7.87074262497469e-121
FAM13C,409.586983662296,-4.05831666996138,2.8070402069078e-120
CAMK2D,3268.6792568659,-2.65329495309456,3.04941467964484e-118
ANKRD50,1695.92552017785,-2.74480266200501,2.88957408467927e-116
VIM,8455.14499759324,-3.55651227831258,1.00761218053013e-115
OSBPL10,1667.9457138387,-2.84149543589002,1.36795751743945e-114
FBN1,1490.1422215918,-2.93260630491299,6.49776530132102e-114
TACR1,507.287739297384,-3.52753029280769,4.51729044646604e-113
FIGN,1758.04078337863,-2.79619620269653,1.48316339652387e-112
EFEMP1,2595.09330125592,-4.60616868483747,2.79526160908322e-112
VCAM1,993.641085493865,-3.70225048286617,4.51312467541353e-112
PTPRZ1,2713.3286157936,-2.98564804300003,1.6536665499924e-111
IRS1,1635.36580348706,-2.68877871125526,1.79414524246784e-111
FAT3,1423.29002982052,-3.06104470626551,1.92055717944172e-110
DMD,500.936675520479,-3.60718304623363,2.68871414911187e-110
SLFN12,460.350355965635,-4.34401311349114,2.81532788300184e-110
COL5A2,1549.06843970891,-3.25000987079925,3.51071821202547e-108
SPAG17,805.204177655086,-3.29988037080116,3.70855278118979e-108
NDRG1,7268.05076310648,-2.565119434629,1.41356880129664e-107
RBMS3,1066.08694336185,-2.84879489234782,5.77509964138202e-107
CNR1,8070.2948132652,-2.7185090584044,1.95419458468071e-106
OTOGL,331.59887033742,-4.35231526073805,5.23665203895168e-106
RHOJ,547.805610500207,-3.58499891694571,1.37907982980205e-105
PRKD1,930.015862199743,-2.96893802822791,6.61689032842727e-105
COL21A1,396.881862398961,-4.2351221948193,7.37024584904564e-102
NKAIN3,1226.69360996453,-3.61376794806725,1.32430622796732e-101
PAG1,467.068031158589,-3.50580663051506,5.8303918942914e-100
ASPM,1268.82931193796,-3.06051803604177,7.35248215444903e-99
H2BC7,292.29650718835,-5.44746146801954,1.88149732083129e-97
TENM2,3015.21524480116,-2.46057753090908,2.50794831939736e-97
TRIB2,1937.88480230595,-2.65889115532627,2.81004343723428e-95
PTBP2,1234.59824795421,-2.71793628306409,2.255045495025e-94
CDK6,3734.61562266506,-2.50416652567573,5.2950036925613e-94
WWC2,918.763165824063,-2.86446450765268,3.19013694734699e-93
HNMT,296.891162300483,-5.9575449585292,4.25744299402014e-93
CP,1152.63116200501,-3.82611646445878,1.38794489255363e-92
SORL1,817.42776066853,-2.95239903492511,2.85094774693956e-92
DTWD1,344.651949088909,-3.92699589639045,8.38209352545054e-92
MAP2,1751.32036521664,-2.83049926392138,2.00849229628647e-91
TNS3,6668.85341202987,-2.48716919439411,4.13158278680989e-91
CREBL2,378.449830700646,-4.37793061996222,4.27955794084951e-91
KITLG,366.505503600729,-3.68828437349792,2.52941219930373e-90
MIR4435-2HG,1148.93430287303,-2.80062352254469,1.04170607073573e-89
NNMT,435.181329210803,-4.32554072935394,1.92839564559738e-89
NLGN1,1016.53879032459,-2.6578026222704,1.00601790948822e-87
TMEM168,326.866221832152,-3.70309792069358,2.54358772597589e-87
BRCA2,420.875366452831,-3.58088148343411,4.03341404924438e-86
HDAC9,2034.87427002883,-2.34007634726241,4.25009202733988e-86
COL1A2,10105.5506159149,-2.41314459203315,4.074778855906e-85
EYA4,2535.57948010173,-2.39620087832337,1.84706834176712e-84
FN1,4886.72186544166,-2.51778637847426,2.59161713560113e-84
MCC,4360.1597452498,-2.33035239367809,2.83826861062824e-84
NPAS3,1032.4547784615,-2.81886389341653,1.63477477080869e-83
COL8A1,351.207319396756,-3.6564954861073,1.10621260980863e-82
ID4,682.250560073516,-3.48808445293036,2.86115228224446e-82
SLC7A11,2700.83583589595,-2.27253752313958,3.85486582274351e-82
P3H2,339.490397654715,-3.57908070955505,1.6963572145046e-80
CTNND2,1041.56542576015,-2.69565420236224,4.63909694625411e-80
GALNT5,372.346866448497,-7.66844011102638,3.62763450860698e-79
BICC1,602.379827399686,-2.74017797919359,1.0917060744375e-78
ETS1,2016.77872978107,-2.52250066304808,1.98185565824567e-78
AMOT,1620.97037315989,-2.34036490108262,2.13485616135174e-78
IL1RAP,723.442191543334,-2.70516091854508,6.86352634889263e-78
TENT5A,3384.64923259375,-2.43850862353654,1.33472322075858e-77
HMCN1,521.630872316145,-2.79497342435536,1.89041764124391e-77
PHKB,1487.7830384382,-2.37581725163925,1.42092005591654e-76
STAC,407.665582493453,-3.05667186402956,2.54859637247458e-76
INSYN2B,468.806496443518,-2.88161809726117,5.15143827823122e-76
BMPR1B,484.993563312176,-2.82682732048014,5.6390241507878e-76
HLF,238.276383309465,-3.5833631287258,4.29648378092782e-75
SH3RF2,293.112655827451,-3.34411046523173,1.49194881584819e-74
MPDZ,1328.24622748539,-2.3890057122927,3.98957560737344e-74
ABCA13,4841.78897620702,-2.73672482212207,1.97193319324725e-73
RIPOR2,833.015381277433,-2.38031512791649,2.00740646205721e-73
ZEB2,1616.4997094519,-2.18872301651853,7.80636187538887e-73
PLCE1,1451.77863993211,-2.18873645505233,1.68325783353848e-70
MET,4325.24853648427,-2.14837531257233,2.69595847002288e-70
MARCKS,4460.33199615759,-2.56399899197586,1.13225850075455e-69
BCAT1,1362.14201530155,-2.18278308314994,3.62749707796902e-69
SPTBN1,6356.70707951767,-2.19821167218876,1.21060418325739e-68
DACT1,350.971069065771,-3.01239994947367,1.25735996162503e-68
CSNK1G3,549.800537680192,-2.90206720178388,3.74261616974998e-68
RASAL2,2234.34974721677,-2.03243441382599,8.57447164282738e-67
PTPRK,1044.64244503603,-2.19224173975252,1.78358748022065e-66
ARB2A,245.455085003863,-3.10482479117505,1.91230633013648e-65
PLCB1,1794.40904687845,-2.07202730111204,3.12488674710852e-65
LNCAROD,189.252989817327,-4.07955505403326,5.39853037188326e-65
LUCAT1,244.796892584209,-3.13378972015276,7.78007177332e-65
ALDH7A1,669.027667036766,-2.46666117912176,8.32383843991574e-63
LOC100129203,755.704523844126,-2.72921611994635,3.45000042264261e-62
STARD13,610.716401733162,-2.56581001892774,3.84776872973153e-62
POLQ,342.026771912364,-2.77813889748861,6.26064432323095e-62
ST3GAL1,1681.82718172986,-2.08250075826488,3.28048813607669e-61
RIN2,943.381642951236,-2.35208958768779,5.02842115684272e-61
DIAPH3,278.513492605161,-2.95655988875074,1.10511502835258e-60
DSEL,390.178164209155,-2.53493715232494,1.56588745118003e-60
CCDC80,1151.53263378965,-2.34334935766562,1.73043385340658e-60
STARD13-AS,393.597056356261,-3.32270460788906,2.98868687581785e-60
GLIS3,2829.70684627511,-2.06434871444888,1.25369726565919e-59
SYNPO,1535.16198986913,-2.16483163410086,1.53819157967354e-59
NIBAN1,3546.85399548166,-1.82850593291925,2.05486390319272e-59
SHROOM3,572.96488203379,-2.56421531810794,5.5712489521283e-59
IGFBP3,608.771563798874,-3.6914073879696,6.23368607481849e-59
LOXL2,1113.18666470791,-2.51922739608152,2.51617302894585e-58
MIR100HG,2297.08579112803,-2.25943697427507,4.37556438951168e-58
PRRX1,1671.52143135422,-2.06534801811558,1.01023716651128e-57
TPM1,1467.95056051152,-2.06636952634976,2.40646339077541e-56
GASK1B,343.730966609935,-2.87004528755397,6.69924276297664e-56
ZNF280D,325.430477589562,-2.4874767599826,4.65584243241476e-55
FGF12,751.448531760176,-2.16706489234681,8.22241720709808e-55
ANO6,903.036868551405,-2.17471469021897,1.03146430185033e-54
MIR99AHG,9249.68169732151,-2.32908935951756,5.88650285544678e-54
LRMDA,269.464740524465,-3.5042448652787,6.47631216231112e-54
C5orf46,222.672552145612,-7.38973107380517,2.27084658329521e-53
GNAI1,548.894250060152,-2.38136995515317,2.57006552932381e-53
FAT1,5946.61736810617,-1.85340745148586,3.89971264095426e-53
CGNL1,404.520583888749,-2.43200838838965,9.92468761898265e-53
BICD1,2840.16488864978,-2.09439207140811,1.52665062743878e-52
DOK5,140.339139073572,-5.89418903462436,2.37480555979352e-52
SYNE1,4947.87207778049,-1.80239523803036,6.05999344368213e-52
NAV1,4451.63374596065,-2.07321259611206,7.06720800038299e-52
ANLN,1052.25239931341,-2.36212792730061,1.17057236693082e-51
VOPP1,1522.13781605502,-1.79853008622821,3.70801108104495e-51
MAMDC2,215.07761285869,-2.90030409612001,4.19333472881287e-51
KYNU,139.617291299854,-3.61675669065061,7.16420894994567e-51
CAP2,396.876580235486,-2.6290600385961,1.69859989241521e-50
LNPK,1071.77150176026,-1.98462637373713,6.15708203510369e-50
NRP1,4331.42712187337,-1.70287836120004,1.2636777817167e-49
EPAS1,2167.19155612526,-1.88394445296846,2.73398077161279e-49
SACS,1667.61039621499,-1.90704750891556,6.41613502912913e-49
CAVIN1,7334.59557377838,-1.80480037381348,1.10018527301914e-48
COL14A1,4157.48288649188,-2.00617330847682,1.96181673609466e-48
DYNC2H1,975.687135836989,-1.890764480517,3.26197550170034e-48
CRIM1,6303.36470412534,-1.69787015602871,4.1629532731776e-48
LRRC8B,364.223094583117,-2.48135825366883,4.60803459311957e-48
STON2,1539.69826060023,-1.90732751246031,1.09340165192293e-47
AFAP1,1130.49083515241,-1.81009433983789,1.12095039647409e-47
DRAM1,269.298895653511,-2.67752681952448,2.38573732817392e-47
GFRA1,2158.28847833995,-1.83995035343645,2.5263988555114e-47
AGPS,2133.29761109506,-1.85829404216926,3.21909942781431e-47
NACC2,1704.99171335875,-1.80896874025367,1.03489284860489e-46
EGFR,3067.16763265528,-1.63433405422435,1.23988213188413e-46
DPYD,1814.55868287593,-1.82043948750586,3.16750601150394e-46
TRIM9,728.165004146405,-1.97281836299037,3.92216498142195e-46
STARD4,302.347702494518,-2.67418225340664,5.05719024810674e-46
FSTL1,1699.87763275036,-1.99637869073096,6.66165964748965e-45
DTL,309.081171667139,-2.57281866136346,6.95330875770279e-45
ZBTB20,7474.26146326144,-1.86697803243441,1.00598657428294e-44
CNTNAP3,880.812311349206,-2.0816719966785,1.10777087769124e-44
IL6,151.666495318854,-3.31529599703815,1.75600716160925e-44
SLIT2,3436.12446915425,-1.66905540272956,4.55501707309113e-44
PDZRN3,1296.88127884647,-1.72597012925606,4.61024260747306e-44
MAP1B,41752.2569319031,-1.73627182293758,2.50110793576071e-43
SERPINE2,1506.73201360204,-2.17493912675181,1.00910795160783e-42
BTBD3,3038.07058426676,-1.65860544662467,1.82147154148347e-42
FAT4,701.10361368599,-1.91453040161041,5.51506781142014e-42
CXADR,818.205024145947,-1.99937877141413,7.97154294798e-42
BIRC3,413.076219993482,-2.49532715087877,8.8237262599555e-42
IL18,539.758212507368,-2.86427104404979,1.25535642564473e-41
RAPGEF4,235.497563231876,-2.39301085188665,2.20364319311559e-41
LINC02984,730.377979330088,-1.94283108714197,2.29398528630374e-41
PRICKLE2,1515.69317397031,-1.63143363209981,2.49873584711692e-41
RAI14,1526.26855580368,-1.74592012432819,3.4615901996059e-41
RTL3,124.135772486013,-6.53250335750745,6.83979575853517e-41
GLRB,151.856540389294,-3.56248663577429,7.97673582816064e-41
VEGFC,128.749670477008,-3.23492483525408,2.2587244130984e-40
KCNIP4-IT1,179.330461612543,-3.16502430223944,2.39353753604405e-40
SOCS5,1769.10970272683,-1.66725117076969,3.56069515299076e-40
TAB2,5086.32755920776,-1.77385425011141,3.67512761401547e-40
ARSF,94.5055751954595,-3.89414529420647,1.43955543352807e-39
EPB41L4A,270.950756844704,-2.48727359592812,1.64192189048137e-39
TTYH3,1976.26149383096,-1.70025236669519,2.49166639939309e-39
BNC2,1021.17580374658,-1.68347971849892,2.60543954745897e-39
SLC35A3,398.064879463713,-1.98909752730907,4.10881062688089e-39
USP25,1286.18064525314,-1.63426604553112,5.54747486324181e-39
ARHGEF37,396.19880579915,-2.03322909074608,7.32824890714287e-39
PLK2,2240.9441769748,-1.93707086403495,8.10065149199085e-39
TGFBR2,565.593111914833,-1.8999761310221,3.44966671651503e-38
SAMD4A,748.926034783587,-1.86964020366458,3.72176478882022e-38
AR,2124.87320715423,-1.56242180942766,6.94069281414515e-38
SYTL5,306.671929357937,-2.54768950704895,7.47138652851999e-38
CLIP4,2405.96295125842,-1.60368622276654,1.14641233881527e-37
GPR39,205.256076145941,-2.34450175994152,1.15014382566727e-37
LINC00639,771.620737263605,-1.88032926124181,1.8098505051235e-37
ZBTB20-AS1,531.071084188539,-2.17425125731877,2.88081641241799e-37
LGR5,101.631932758059,-3.33533259645537,2.88412465759306e-37
PARAIL,1163.56850161961,-1.98035733740297,2.91144367346943e-37
DNAH5,148.610150484934,-2.78930835453172,2.97579907551411e-37
LINC02742,95.9679963932452,-3.6996990279168,3.70825963252037e-37
TMEM26,85.6443205548068,-3.83312854611525,4.23942205047731e-37
EHBP1,2062.21993008545,-1.4652890133552,8.38927223838125e-37
ADAM12,1325.14486546466,-1.5104367254993,1.37937860427679e-36
ECHDC1,539.91751909193,-1.98333362338152,2.06102383347187e-36
PAM,2438.8831750643,-1.74859259585572,3.26084485037725e-36
SPIN4,156.499045082124,-2.61537948171762,4.86146316061852e-36
EXO1,166.010731362601,-2.52605929210598,4.97642918982127e-36
SLC16A4,382.041676170543,-1.94265420220558,6.4752014747973e-36
ALPK2,1669.07184571447,-1.82054626719441,6.72892619319925e-36
NAV3,152.325966444824,-2.7599513026638,1.13729629253464e-35
NFKBIZ,526.360405006481,-1.80093190972821,1.39425948078931e-35
PHLDA1,2884.01441677953,-1.52439103261098,1.60909011295069e-35
ELOVL6,400.947062544685,-2.20915623920225,1.84839667835173e-35
QDPR,248.01168899857,-2.43150275910231,1.8911448265863e-35
PTPRB,2309.87419204227,-1.61822671808289,2.68302004789551e-35
CITED2,1084.87270958279,-2.26508357876526,2.87243068179432e-35
PDGFC,588.610273749366,-1.74980693383625,4.31743285709522e-35
RCAN2,160.033255743188,-2.71591423758032,4.67314138478335e-35
PLEKHA2,1397.07475738446,-1.58706625670174,7.45483548480844e-35
CCDC88A,1956.74822151862,-1.60472377712065,7.89766720313819e-35
SULF1,4090.5080321335,-1.43957006470883,9.38741619312263e-35
FZD1,277.619705924592,-2.34109067520493,1.23909104196234e-34
POLR1F,311.049009619365,-2.53007283880339,4.21193998953061e-34
CDK1,421.712829322962,-2.8300305371471,6.86279574536491e-34
SORBS1,843.686079829979,-1.59959498813294,6.93438770274479e-34
PPP1R9A,1623.11925779222,-1.45104005325491,1.42468890359991e-33
ABLIM1,2575.43843132764,-1.46249624109434,2.96711281361799e-33
LINC01505,122.802397569881,-2.94046454675619,3.08142642274471e-33
SRBD1,240.695540119463,-2.16246949870818,3.10693798741771e-33
NDP,162.002196853867,-2.87335134887559,3.71591184129673e-33
NRIP1,1678.10734455022,-1.43118662128794,3.92128711228395e-33
RCAN1,1363.28481914825,-1.96852915957802,5.02583647771732e-33
TRIM2,3093.71786150493,-1.35890468327921,6.45462263124612e-33
IGSF10,116.095867955331,-3.00013318886315,1.1706265817671e-32
MOXD1,848.778149274596,-2.06951788285715,1.17470679468118e-32
KIF13A,1683.93712574207,-1.42846697648267,1.4351712935586e-32
SLITRK6,88.0159971530021,-3.70794871952543,1.73557835525888e-32
NT5E,854.193021189268,-2.20855223945623,2.3738825541794e-32
CRYBB2P1,148.655082784599,-2.63528988661696,3.44855943715004e-32
CD180,84.0454627186063,-6.1055334577383,4.52275760017594e-32
COL4A6,299.388425009186,-1.98289613985716,4.55229541560113e-32
CAT,1018.31821289081,-1.82208827868506,4.62744452481184e-32
UST,635.591694076288,-1.65815471161581,4.68136564067567e-32
KLF7,1315.39838657246,-1.50886298532762,9.00459162612508e-32
ZFHX4,5085.98233493388,-1.45648745992431,9.41476429366043e-32
ZNHIT6,341.91174878676,-1.94758530998423,1.06161390175728e-31
KIAA1217,1079.8270130589,-1.57378580615343,1.0733190108584e-31
NEK1,455.099078446897,-1.77154852296657,1.16353421085122e-31
RNF145,2970.21295568512,-1.70679767818556,1.28822325019412e-31
PSAT1,469.602485040695,-2.18684795017568,1.30733636566841e-31
SPECC1,7953.99325614723,-1.4140343810421,1.34670851566518e-31
SPRED1,1075.70375588495,-1.45208170178637,1.91622551915107e-31
MANCR,71.6009382206964,-4.11209522534066,2.09786384688786e-31
CDC42EP3,3202.62084865724,-1.65464718905816,3.21212893122228e-31
CAST,3189.56885721964,-1.48474493428629,3.50071395727691e-31
ADAMTS16,158.421401223795,-2.31095151010707,4.52669387661104e-31
C2orf74-DT,121.95769205979,-2.68396826696216,5.19905473417788e-31
MBNL1,2464.64451202275,-1.44245517676267,6.44323082336316e-31
EDIL3-DT,125.0512573857,-2.5942862072647,7.57210201082809e-31
GPC6,472.904212438828,-1.65121051912637,8.795774073352e-31
ABL2,3964.7128419277,-1.30309091813945,9.21861795315821e-31
TNIK,1298.09168991404,-1.49480262360158,1.06146513603473e-30
PAWR,562.633280183715,-1.60793832347307,1.08396556854276e-30
DCLK1,1028.06073442378,-1.54654639102677,1.28750767885217e-30
BMAL2,342.55012077621,-1.80920305014529,4.02709521626551e-30
PALLD,2394.98771614358,-1.35767842898964,5.55683475360879e-30
RBM43,303.45872891104,-1.96850252753916,3.88464200479052e-29
FRMD4A,354.303145701092,-1.79789906244277,4.01325498552725e-29
LTBP1,446.051197529357,-1.70950015262619,4.15383079891483e-29
PDE4B,878.516376653148,-1.72126622940978,4.42004713863147e-29
AKAP9,4032.81750057231,-1.44734209796719,4.49714659993122e-29
IWS1,530.649256707924,-1.7813590494319,4.68693305977513e-29
BCKDHB,354.339019060191,-1.75171389811521,5.6330624030671e-29
LPCAT2,303.303104681063,-2.10061223122783,1.24745539125308e-28
PPP1R12A,2898.44791801769,-1.35588940812698,1.89575962426332e-28
RIPK2,412.430595844554,-2.0276978837587,2.48410540917602e-28
MIR9-2HG,6324.72269813475,-1.37886667627061,2.68020696456895e-28
SLC38A1,1931.83055064454,-1.4071524956317,2.73347244798284e-28
JPX,638.834039210823,-2.21704822091099,2.85035263788151e-28
ARHGAP18,1204.02921958277,-1.47252269077153,4.04340817888599e-28
RAPH1,472.938730427624,-1.61657843800541,7.52606678788426e-28
KCTD3,899.143593952618,-1.6744853438093,9.33754751598039e-28
NLGN1-AS1,100.840179943608,-2.92996737994309,1.18061191691458e-27
FRMD3,347.373339548674,-1.6803580004975,1.23441491691718e-27
ACTN4,11040.3358381075,-1.28676224576944,1.67282502859439e-27
RIOX2,388.822352253684,-1.76281046756291,1.75448389928598e-27
SIPA1L1,1743.50272990591,-1.34108222310723,1.80788369047652e-27
DEPDC1,380.759750019443,-2.15688275894632,2.05035724935765e-27
PDP1,2224.17685337926,-1.56893114485004,2.15712549266545e-27
STK17A,1775.97535474353,-1.75961710096971,2.93120392949485e-27
UNC80,63.0310099936819,-3.77897609098836,3.00440997885515e-27
RNF150,954.468982431888,-1.42350940255068,3.4800899781907204e-27
NAALADL2,63.1785559649222,-3.5063194281537,4.72226409801137e-27
CDH2,4260.38516161373,-1.33426184423516,8.98058417591662e-27
KIF13B,733.553050537389,-1.42937901367014,1.14714242440963e-26
SORBS2,423.391157298367,-1.65178292648451,1.80733266676612e-26
SAMD5,226.218715096419,-1.89368530540597,1.8110482359226e-26
TRIM45,437.664173487526,-1.64511869236282,2.05750838394188e-26
DENND5B,1177.62444765981,-1.34801547961826,3.38367230273343e-26
THRB,280.174139608359,-1.84406465109746,3.55630287355412e-26
ANK2,715.516592817754,-1.63285693325056,6.75375692823234e-26
TLCD4,287.094091205856,-1.75794132509858,7.91170613688026e-26
DYNC1H1,10018.9884323361,-1.25642828542211,9.13784941670623e-26
PPP2R3A,939.664944269084,-1.39206905125608,9.77326225049129e-26
NUAK2,670.483520851262,-1.47862589219608,1.01443728639951e-25
UGT8,161.579769365732,-2.22015103681112,1.11488074064064e-25
FILIP1L,873.213911220377,-1.99699331311721,1.13783762146083e-25
GXYLT2,447.395398224024,-1.66828387262469,1.34775097673217e-25
SEMA3A,2375.40014517835,-1.5297825569357,1.64916767127088e-25
DGLUCY,404.813444190169,-1.57584713899654,1.84751972246587e-25
PDE4D,491.252805941385,-1.68722279225556,2.18232800432262e-25
LANCL3,203.582975121629,-1.84634307791983,2.42462191235103e-25
TSC22D2,2499.02161841151,-1.24933085672307,3.25819388381492e-25
P4HA1,2093.87992354802,-1.59122932021361,4.42610996566275e-25
TTC7A,655.056146812109,-1.49247879641155,5.06044903089013e-25
AIG1,415.168313016815,-1.70813790919073,6.14540516097287e-25
DST,26036.5162442621,-1.28647351697666,6.53229112711348e-25
ANKRD33B,406.163498903614,-1.71407647839702,8.17168632080395e-25
CYBRD1,869.322581088221,-1.48245051165712,8.70397050556891e-25
TFPI,322.38343660091,-1.67254533395569,9.62476138435363e-25
STC1,1840.98092018832,-1.42424235240511,1.37109147116773e-24
EPHA5,555.396627512637,-1.40379898460043,2.49326697386467e-24
EDN1,57.6902122833067,-3.80107746007738,2.55363384264774e-24
NR1D2,2766.6738376278,-1.29829981781382,3.71182726253691e-24
VPS13D,4215.52384072879,-1.23208465003044,4.02009182013477e-24
AKAP6,872.118402633085,-1.29859898187805,4.30229828136103e-24
RAB31,1431.91422390827,-1.27786891359816,4.60512394331946e-24
CSRNP3,52.7085290381902,-3.83522369121125,5.08333745942844e-24
ARL4C,1524.00132888754,-1.50598171086885,5.08333745942844e-24
PREP,1120.44283941565,-1.27204346626244,6.78433182022857e-24
DDAH1,1165.4938664257,-1.4102552100202,7.2152491043011e-24
RTL8A,283.203884614622,-1.82709260460072,8.44592192070542e-24
TOM1L1,621.61183574257,-1.48509556124372,8.57420692364258e-24
MROCKI,113.357200527018,-2.71856955570057,1.09362141561539e-23
ARHGAP10,372.360762690985,-1.5363904580952,1.59861352663613e-23
TCF4,3530.97501400837,-1.16018733141414,2.53259155883837e-23
SH3BP4,2155.99090006377,-1.23245911750187,3.30731966864744e-23
ENC1,3662.16199558768,-1.21333193393469,3.4614398202049e-23
EOLA2-DT,248.678624227254,-2.11441499075326,5.09300389987396e-23
ENDOD1,1853.21876405055,-1.35012019345672,5.63169857690459e-23
LOC105375844,61.8269840910385,-3.85269166672517,1.39519718074449e-22
KANK1,1367.41169434136,-1.19096095045246,2.01911840593086e-22
DRD2,374.515025052936,-1.64828754845511,2.07798912038548e-22
ATF3,678.727398867365,-1.81287792876013,2.11649518843257e-22
EFR3A,2563.87894534522,-1.25642619822294,2.77604019749428e-22
PFN2,2059.01091972138,-1.79779925167938,3.20951643903167e-22
TMT1A,222.430243600691,-1.70705207790457,4.31005037552761e-22
FGF2,1433.7524555526,-1.20606297814764,4.31673327261947e-22
TADA2A,294.818410886493,-1.83859064483649,4.81726668013385e-22
NHS,896.805163832716,-1.21501984083147,4.8389647194272e-22
FRMD5,1924.46438677954,-1.13781860813767,7.70845579882519e-22
POLR2B,2912.04008513797,-1.39097036534957,1.24725267093737e-21
SLC7A11-AS1,160.004224138441,-2.07270411432386,2.11384409416666e-21
SAV1,248.915787508176,-1.82926370507094,3.95716697132042e-21
GSAP,494.317867608133,-1.48148224413916,4.07274701869523e-21
TTLL7,910.787346306748,-1.45166099569252,4.15443978150542e-21
RBMS1,1331.64248111847,-1.26389510892188,4.58441274748333e-21
AHNAK,16019.3475120399,-1.41274950543148,4.62087342072988e-21
CCL2,94.6557055324289,-2.92530036841912,4.98448803963552e-21
MB21D2,213.516360201026,-1.82494742991868,5.85200829354071e-21
LRRCC1,319.303249821993,-1.82513910303211,7.03681430447006e-21
TRAK1,1291.45347565353,-1.17295419526985,7.86516557002143e-21
NAP1L1,2661.19505066764,-1.34106331292309,1.07583869823689e-20
LINC01776,51.1515722458998,-3.69329580591422,1.17781929602132e-20
KCNE4,306.377049029862,-1.62635879483402,1.4135397874995e-20
RND3,954.741855094616,-1.54585838946427,1.61693770175385e-20
MEF2C,793.317224724263,-1.23544331662129,1.6388371315221e-20
SLC25A13,710.087634938255,-1.31420962140884,2.09728901720139e-20
FHIP1A,556.599983681542,-1.31215825411107,2.29736929156291e-20
DACH1,560.623729028486,-1.36143841402169,2.5475010710802e-20
ABI2,1778.39961956603,-1.14157821230135,3.92704027319778e-20
ROS1,65.534292285829,-2.87256789989606,4.85735496337115e-20
SNX7,844.665992650706,-1.72491996701066,5.19459412253799e-20
MIR137HG,57.1044209075022,-3.04228617720097,7.13731449196658e-20
SLC1A5,1624.55123072711,-1.18224591883884,7.50928826781409e-20
RGMB-AS1,139.236075383245,-2.02925915970871,8.24081102097186e-20
ZNF43,461.338315035059,-1.37600889691341,1.11649202078568e-19
PLCH1,219.268944521819,-1.57835327773205,1.30052788526607e-19
PLA2G4C,279.849694724146,-1.65152216239386,1.48344373181555e-19
HIPK2,9729.30967024631,-1.17688338833364,1.85351432321949e-19
PVT1,2313.93490392977,-1.35981932678985,1.90332492360362e-19
ZNRF1,279.666988428438,-1.51839030074408,2.16789343634391e-19
LRP1B,1709.16479185687,-1.29513057594211,2.86818321833037e-19
PTHLH,100.486286293361,-2.24036140030151,3.03021159893136e-19
FOXP1,1349.80959386972,-1.27265872282597,3.32769299514742e-19
PBX1,4305.28238550755,-1.15080835719741,3.8117086676956e-19
ANGPT1,149.153585916661,-2.08196143987336,4.62469190763532e-19
CAVIN2,75.3776805652508,-2.36620841150529,5.5220388687167e-19
NUF2,161.223153936843,-2.71796858614229,6.0917032261944e-19
FZD6,1967.80472319307,-1.32359746751695,6.20530130201699e-19
BRIP1,613.393620243681,-1.39129335311271,6.57183249968815e-19
MTAP,849.792268585473,-1.12666747485859,7.37495203922115e-19
LPIN2,1611.78963017157,-1.10242454288941,7.86607592185914e-19
SLX4IP,208.79434882799,-1.55045129360587,1.03390290134777e-18
C10orf90,48.0295441484301,-3.112778886832,1.06351998101869e-18
ZNF724,62.9510765440106,-2.64926056946183,1.07189866611352e-18
RGMB,770.292820315446,-1.19693394432112,1.11648651118935e-18
ARHGAP23,2000.76192632631,-1.16341282452654,1.83608163026909e-18
IL7R,209.137727891667,-1.80980586986729,1.92845808887931e-18
TM4SF1,278.194573334291,-2.14069207956591,2.06991057428552e-18
POLR2M,494.111896726973,-1.50246278012448,3.97432787276151e-18
PDCD1LG2,77.3145656003901,-2.29072165470754,4.42632951585783e-18
MATN2,702.234018409985,-1.44580219362787,5.58745594630931e-18
SSR3,1104.70821620184,-1.23367179704478,6.55761009533317e-18
CCNH,722.709050683329,-1.38606923456609,6.58362175616179e-18
LYPLAL1,236.827383312407,-1.75758082067228,6.77377245639835e-18
CTNNA2,249.571720241352,-1.52794508049653,8.30124086907982e-18
FRMD6,831.057521830191,-1.29859750834508,9.34249227229307e-18
ANXA3,58.3031758059112,-2.94939610155031,1.05670244283196e-17
AQR,1079.57589445308,-1.09908857577166,1.31611931355114e-17
CASC17,39.1741397726242,-3.44481818774935,1.32564242352077e-17
NMNAT2,243.011851486602,-1.54012069064349,1.50321419776196e-17
FAS,558.128385391209,-1.25938895929983,3.66566901598253e-17
ZNF736,402.789184471492,-1.33180995084051,4.03412726025802e-17
RNF115,1026.88485047748,-1.09023964363765,4.95343444306803e-17
EPB41L2,2372.7435553044,-1.14644612089306,5.00053434399414e-17
TNKS1BP1,2751.20976851117,-1.09554069908249,5.27346332247649e-17
PLSCR1,2602.98567008,-1.14999799023702,6.84913756957118e-17
CHSY1,1631.16826782883,-1.07698828278241,7.31169912446714e-17
SCAF8,1913.29995937844,-0.97438513149963,7.64373737375882e-17
LOC105377188,45.9540288805487,-2.90835476086004,9.45160205581682e-17
NR2F1,1690.45441170284,-1.2170313712955,9.77001332679116e-17
EIF2AK4,1510.34419102507,-1.0433753172083,1.15085641815021e-16
FRMPD4,128.493444756052,-1.93404393564,1.30320025624664e-16
PRSS23,3674.74511873751,-1.417878885823,1.32310335296114e-16
UBE2J1,838.370104690776,-1.3176685881195,1.41964126029363e-16
RPL22L1,77.8100949855874,-2.52722294143097,1.61816500349563e-16
SHB,1033.97981120406,-1.16003290405774,1.68281928402113e-16
PITX2,119.766506620006,-1.88699079931176,1.87089291896978e-16
NOTCH2,11825.4998499429,-0.975892227841516,2.17255541451326e-16
GNAQ,1467.1311062627,-1.04357019333,2.31574802346263e-16
CASC3,2023.71791696209,-1.03885216824745,2.35379868232045e-16
CD44,28575.9458905211,-0.964367782626688,3.02573074464252e-16
ARNT2-DT,120.959557009825,-1.83345055167364,3.03093566275187e-16
LPP,4259.87305272219,-0.988711645170446,3.04305723995905e-16
LINC00632,299.190313902801,-1.57594330979094,3.66417389238272e-16
CHD9,5593.74542058964,-0.933968813177134,4.1998015052627e-16
UTRN,8096.58024749932,-1.04874394267944,4.30389709813013e-16
ZNF439,415.307414134197,-1.20105757333881,4.89774984495931e-16
ZFP82,223.68419533118,-1.46492602405984,5.0140298552941e-16
ZSWIM6,2075.47479964422,-0.984047996650004,5.92972215907599e-16
SLFN11,1322.45205146969,-1.16185754445686,5.95436260878307e-16
SLC1A3,1241.99148553407,-1.24022500828654,6.77807852239449e-16
CDH6,494.457269710446,-1.18890228987312,7.82625567903111e-16
PIK3R1,2226.34744773828,-0.950416487038443,8.36298993620766e-16
TPRG1,86.0709038478886,-2.02231808333458,8.93022386847064e-16
LOC105369147,342.623711724904,-1.54876963873287,1.10004135899116e-15
ADAMTS6,180.842669590416,-1.57583198419985,1.13778664074747e-15
PIPOX,1653.85719629152,-1.35712678389168,1.48098423752398e-15
NOS1AP,329.083900749322,-1.51286406165418,1.50713860216411e-15
INSIG2,378.57194040363,-1.32692052807119,1.59089360802551e-15
TARID,137.275398717346,-1.80964716459383,1.6906376841802e-15
CEP126,393.583557440832,-1.20456518312322,1.78512160646812e-15
ZNF107,579.591408628955,-1.15297265086188,2.01017046911321e-15
PHLDB2,743.140542992224,-1.20322591151744,2.32142808152156e-15
SAXO1,91.2248843356846,-2.56298409706105,2.35072789766664e-15
PTGR1,205.512012434974,-1.67940431152143,2.89056673375136e-15
PLXNA2,3784.35141232597,-1.07882644635613,3.44358010527979e-15
KCNK2,40.9674274501235,-3.16834621317067,3.90597929759941e-15
RDX,4749.68920931602,-0.99737866391234,4.36032863627055e-15
SNX9,888.281215993516,-1.08877662736366,4.42897648160623e-15
CCDC7,89.8282468584949,-2.09185621231437,5.08352845596003e-15
LNX1,70.35222345862,-2.22233073459876,5.67219112630179e-15
TFAP2B,36.0436114272785,-3.23751781683056,5.79912007803554e-15
ARHGAP26,2285.51866700556,-0.953082108789297,8.26510420504027e-15
ZHX2,537.202917195103,-1.09761461671088,9.7257214644834e-15
TGFBI,5804.60503916907,-1.43919910309391,1.12852871594228e-14
PIAS2,1397.36066026098,-1.03512760820688,1.40432593897445e-14
SCGB3A2,36.4469216321123,-6.20281612467691,1.55297577625069e-14
PLCB1-IT1,65.8708632597967,-2.3995339615237,1.55793440137316e-14
RBM47,305.518773649939,-1.23043009318292,1.76213631907234e-14
TNC,14056.1413476794,-0.873798246536076,1.77813619023221e-14
TANC2,4091.1764237031002,-0.982450181841396,1.89456663760122e-14
MAGI3,1516.03514079389,-0.979261002536417,1.99385128068878e-14
HEATR5A,192.961788639138,-1.46767515145632,2.05224638305462e-14
RUNX2,1792.22726647944,-0.998250940967586,2.27097960856377e-14
DOCK2,46.4474120062617,-2.5710596611311,2.277324856085e-14
FAP,119.920982697295,-1.86207096060932,2.46120516999869e-14
POPDC3,264.033179364666,-1.75408217840024,2.4862393863189e-14
ARHGEF28,244.749480385792,-1.2744224072078,2.74642063816008e-14
SMAD3,5220.34470181836,-0.914075611738659,2.91147300653081e-14
DSE,362.284125317761,-1.15172761122153,3.2453245353177e-14
PRICKLE2-AS3,95.5855124460265,-2.00214598384097,3.39221953419893e-14
SMPDL3A,79.9033014571502,-2.07091276619665,3.5113814001655e-14
ZNF608,1489.39257289714,-0.917096333205561,4.00508095120037e-14
PCDH20,29.5506099549627,-5.3502426262042,4.12969018655338e-14
PTPRQ,38.2970609152841,-2.91323937529386,4.2472930493527e-14
DOCK5,1731.93415408716,-1.07875124929209,4.5900205949956e-14
AKAP7,161.080764367307,-1.56490677540225,4.63919905182042e-14
PDZD2,1303.26934040621,-1.03876420462604,4.65354887799595e-14
STK38L,401.391010739184,-1.3936170283718,4.6723136135575e-14
SGCE,2375.27990838427,-1.10240965939499,5.23384558460998e-14
NAPEPLD,1118.51400544294,-1.01363606229471,5.56450221607621e-14
RFX7,1677.28293397345,-0.927890575345347,5.95821085705948e-14
BACH2,79.2413204769811,-1.9437976180316,7.7225233749881e-14
FANCL,1339.6631574933,-1.21071253906337,9.90660762818627e-14
KCNQ5,180.373502839418,-1.4214768038164,1.20882064954238e-13
ABCA12,97.4646284445101,-1.93155005193051,1.44633654580279e-13
PJA2,3765.38620970851,-0.890082195911385,1.45857014990784e-13
EVA1A,805.500165180987,-1.23060923554926,1.61903218687146e-13
ACVR2A,530.872744283585,-1.05017888546114,1.91039106798627e-13
FGF13,236.206935476906,-1.27426992777788,2.43677962406447e-13
OLFML2B,310.13941349431,-1.24681028522393,2.44927306389136e-13
SYT16,53.75750335654,-2.38276513609918,2.74438335482819e-13
HS3ST3A1,1732.85272607293,-0.939793740746302,3.02060770429871e-13
TMEM161B-DT,4224.34551936644,-0.951671995833774,3.15537513434209e-13
ITSN1,1100.35714400081,-0.956312369658402,3.40507724471147e-13
SCHIP1,278.467486156619,-1.28014067286966,3.78204126158737e-13
MDM1,176.217557951527,-1.57286252589504,4.20241917767133e-13
MAML2,2247.35804816057,-0.880524979085276,4.53121213326183e-13
ERGIC1,2205.81045774188,-0.969606791030301,5.06398898952126e-13
RERE,2968.10731512308,-0.961288649620021,5.11146987575451e-13
NRDC,1517.78880949024,-1.01994514723912,5.6635502734186e-13
CDK14,1001.36022252371,-0.932517092337452,5.70374485302179e-13
NAMPT,2444.75801757668,-1.1237518851038,5.85971769310832e-13
HIVEP1,837.184908796615,-0.953674603230097,5.91684833281381e-13
TBL1XR1,4599.78440579605,-0.833944364397157,6.0351858978731e-13
YEATS2,3468.96632471777,-0.831190230014568,6.26116907341065e-13
ADAM9,2965.84891461894,-1.04041676909362,6.8857652658336e-13
TBC1D32,303.863115282275,-1.28277054196141,9.30294254036432e-13
LURAP1L-AS1,83.1382614652976,-1.93314498310255,9.44403659566621e-13
LRRC8C,290.680169814629,-1.24657248393079,9.45357774740693e-13
SPAG16,211.355326909795,-1.32728389718736,9.9190692408199e-13
NDUFV2,190.890855854956,-1.32600995372972,1.04657553671801e-12
NR1H4,28.5278009920578,-3.36960558105971,1.25737718720873e-12
ARRDC3,5421.34171829883,-1.00270942748704,1.614846782233e-12
RHOBTB3,656.159446474589,-1.11193240461248,1.80720584447377e-12
PARP12,3857.32679434797,-0.84042177778347,1.84432415714618e-12
FEZ2,1264.43932924309,-1.01321238669677,1.87443770600274e-12
TMSB4X,12005.2090315674,-2.95816788923507,1.99218731277703e-12
SRSF1,1277.79940253059,-0.891341224328555,2.43860129299075e-12
RTN4,4852.44362122439,-0.990479400188744,2.46066738718387e-12
TNFSF4,59.0097699535185,-2.04893291946621,2.54233292367089e-12
BLOC1S5,115.821175759393,-1.77779925168119,3.42442696751702e-12
JADE3,441.128125990727,-1.06018905486019,3.4651465505463e-12
PPP1R9A-AS1,78.3116601102439,-1.83575501240904,3.7818601494703e-12
VWDE,198.886933346868,-1.24759565256098,4.71068634492759e-12
PKP4,546.942989033418,-0.95216769655539,5.65798872349659e-12
FOXO1,687.814112639771,-0.94143100656381,5.99982555550991e-12
TEX9,164.824177626334,-1.37136236269798,6.07552606486467e-12
APBB2,2137.0234478321,-0.814805435613867,8.64349534800477e-12
ZFPM2,58.6896238875159,-2.02612041267472,9.86112418181474e-12
APH1B,273.769202630192,-1.11277840214377,1.1026852802745e-11
MAST4,493.421638963579,-1.03117950358801,1.10756712810709e-11
PHGDH,2297.55400936373,-1.0701559123936,1.18554241943143e-11
SRI,582.787521446478,-1.31012574869417,1.19585467525009e-11
IRF1,1210.28605543305,-0.868444743367032,1.24274004410408e-11
TMPRSS5,355.517727278444,-1.19586340633273,1.24931602142642e-11
SPAAR,76.1549071657902,-1.7406237387263,1.27137490357254e-11
PDIA5,799.111043932865,-1.05240079852838,1.33263164836489e-11
TSEN15,352.977738348696,-1.39391063766427,1.35633063072396e-11
COLGALT2,286.611868676029,-1.12757091045533,1.36955788371685e-11
SLMAP,2044.24571634371,-0.79872099918307,1.6574116460142e-11
FAM3C,2225.91998116023,-1.04849572966869,1.91253195670138e-11
ITPRID2,3324.22292590692,-0.933661047902093,2.05368630285883e-11
APC,2882.07381208024,-0.848745050510413,2.1350983726392e-11
TUT4,1331.12592535557,-0.823277859424247,2.18454307034057e-11
SLC7A1,1470.59906541534,-0.848498786205138,2.19868258090003e-11
CRYBG1,1580.58559672612,-0.811329065689656,2.50550117011451e-11
TMEM47,591.282680340609,-1.04262294865277,2.58539046510487e-11
STON1,327.402984893042,-1.10724470934379,2.79679722637719e-11
PDHX,1311.62178142002,-0.90888467366671,3.10929554883214e-11
EZH2,1512.00811732487,-0.980803868972651,3.38892786647301e-11
MYO1B,780.008881280532,-0.893282907383811,3.80327512395644e-11
TLE3,2535.93536068393,-0.886338608586408,4.96447684809355e-11
HIF1A,8284.19562561258,-0.883556698264172,5.03923853191384e-11
ERBIN,6344.81494958328,-0.825383711449677,5.37254534527648e-11
HUWE1,11648.7894338488,-0.779842283370202,5.42025068927103e-11
PTGER4,157.898430560295,-1.39735592485248,5.60540745885274e-11
PRICKLE1,852.804210151339,-0.940352669403837,5.93951392446947e-11
ANK3,351.804075548174,-1.03637749857063,6.82565723359277e-11
IDS,464.374259753954,-0.983619049511223,7.11835923916156e-11
SNTB1,58.0742482977078,-1.95209714283878,7.4098133859516e-11
CLCN4,234.045911260115,-1.1056900283991,7.70261971347983e-11
CEP120,612.040875119769,-0.946164620785471,7.72254379926104e-11
RNF217,1482.15827748441,-0.828899712176305,9.04271335325966e-11
HMG20A,758.461292540375,-0.879630898887914,1.3014381137807e-10
MYOF,6288.42413649933,-0.75883369840593,1.38296520635877e-10
LOC124900256,26.2252177089752,-3.53395852668258,1.46601495989513e-10
KRR1,438.102032279198,-1.02413496793834,1.50901500875602e-10
ARHGAP42,179.467121099973,-1.23108269328785,1.53456838192566e-10
E2F5,319.0267535992,-1.1080422776345,1.59562000048037e-10
USP9X,9049.71602694025,-0.733886346365575,1.67361985787047e-10
SLC40A1,70.1410706909764,-1.70906165973481,1.73637725438506e-10
ZNF426,711.332827185981,-0.916664121677094,2.17690835620938e-10
CCDC50,2476.43371285319,-0.928447887095712,2.54663623631677e-10
TPD52L1,66.0409346734445,-2.07026294216612,2.72673200641801e-10
MBP,269.569702377703,-1.07854253293012,2.84412359311943e-10
DOCK10,540.195204243694,-0.958551372644216,3.07740018196595e-10
CCDC102B,255.815173727526,-1.23641859801209,3.15678035840988e-10
ESRRG,154.839000672595,-1.39707608244521,3.33701043895209e-10
TLK1,1751.38364454708,-0.806249008900891,3.97259063140622e-10
UBR4,9910.48872946555,-0.734089864657307,4.14868534350729e-10
HIF1A-AS3,991.859062324192,-1.18433863014333,5.02910836198735e-10
LOC105374811,65.2425226784621,-1.94002782690129,5.17953792587962e-10
EVC,1359.08888292457,-0.862494489595759,5.64093379373347e-10
SIM1,32.4404261698811,-2.49858880475138,6.04641423245332e-10
ZNF503-AS1,28.3889810354996,-3.37158139986779,6.2156460531226e-10
PRICKLE2-AS1,50.6946290650607,-2.12498670519357,6.68359755045136e-10
IFT122,1067.93458475616,-0.822378958593974,7.24396514545383e-10
EEA1,2359.56355203711,-0.882789796769268,7.45091067182431e-10
LGALS8,900.891933224921,-1.03494094794596,8.57918031624382e-10
DENND2B,1123.45164889953,-0.87564127334362,8.82040593838225e-10
CEP128,106.996597884072,-1.3971926955267,9.72775468043388e-10
ITGBL1,38.0265382487604,-2.20640017086012,9.80373456275111e-10
MYC,505.121869174922,-1.10230748717995,9.95431182345309e-10
LIMS1,1008.94941788803,-0.879220079871686,1.07684795485845e-9
TTC28,1910.92905979655,-0.80723878085752,1.22252662874989e-9
VLDLR,2438.43896562008,-0.864072205759625,1.24550292604443e-9
SIK2,1973.34303674786,-0.721124095898342,1.59095955829413e-9
WDFY2,724.456112645868,-0.823877497174114,1.5922419148567e-9
POLR1A,1903.64750091095,-0.772463571841999,1.59843867303026e-9
GPM6A,4334.82169310958,-0.999739384701165,1.61571520631038e-9
LOC105372145,28.6331999525495,-2.53822423040915,2.05852919227117e-9
PRDM11,207.573365645792,-1.15188199457146,2.11671081990797e-9
STARD4-AS1,278.92825121531,-1.04878272132878,2.15200872596883e-9
STEAP1B-AS1,33.792047084998,-2.35084213157244,2.15363491055113e-9
PPP3CA,634.884064692819,-0.848337782304483,2.15644834127524e-9
COTL1,1073.61314330399,-0.917256357913558,2.28965792510403e-9
ILDR2,320.96253483226,-0.958739201057037,2.40448889179842e-9
TSPAN8,20.4778020798677,-3.86912205925759,2.49650864788372e-9
CABCOCO1,19.320109921347,-4.15677178242205,2.52164670399532e-9
FAM136A,272.683320821048,-1.33300539997014,2.77967639813114e-9
EHF,674.019541061975,-1.01082219762396,2.90397591970582e-9
PLSCR4,196.047076610683,-1.18462850650656,3.21369967397114e-9
PLCL2,214.301555858631,-1.114037735627,3.27530669231201e-9
DCBLD1,441.935250435988,-0.963541143133898,3.40742547480598e-9
SDC3,2561.72105591522,-0.764962867094192,3.4422909888266e-9
ST3GAL4,606.293012224083,-0.92238238412097,3.73800197983967e-9
TNFRSF19,596.40509514345,-0.925440060441726,3.99671978338143e-9
GTDC1,212.354074658766,-1.05077417506222,4.73072380352988e-9
ZNF726,37.5841197431431,-2.22054585760941,5.11652792704524e-9
RTKN2,300.428158023844,-0.995932518773037,5.16208332613079e-9
LINC02889,52.5731343848468,-1.83712609645791,6.32519789394886e-9
RASA1,1436.48974372516,-0.779106186200119,6.33027485769735e-9
PRNP,2494.30394996732,-1.07731937205294,6.45249933746856e-9
HIVEP2,1141.56713641823,-0.728512938522502,6.83209916449082e-9
PLEKHF1,298.878301462425,-1.04521380760006,6.86359546899223e-9
RASGRP3,176.535012936356,-1.10071501727099,8.18974965977545e-9
PDLIM5,1276.81573681294,-0.764812862257832,8.84113610304093e-9
MIR4280HG,21.3621571787932,-3.17239500739124,8.8478662755772e-9
USP6NL,363.069505739085,-0.893285098242059,9.20330096017825e-9
CABLES1,271.612952403513,-0.942633811646357,9.36130408779157e-9
CCDC71L,195.328914625838,-1.03965167657725,9.71651721973048e-9
DIRAS3,76.3875449807916,-1.83659979284465,1.1363382097263e-8
CDH5,45.8077276500094,-1.87336160635365,1.17875052113875e-8
KLHL2,269.942425770282,-0.975773664713454,1.37479395167568e-8
MIRLET7A2,28.7319841438662,-2.65789622431918,1.42231740637751e-8
ZNF542P,36.8098359787016,-2.03146138426244,1.60810846755449e-8
SRGAP2B,195.668302725055,-1.06329312527438,1.62057902159025e-8
ADAMTS12,145.790120239105,-1.14729841880974,1.64379288134228e-8
SND1,4551.1909303541,-0.685052242536688,1.68089310993495e-8
EFHD1,35.6323925556572,-2.11581081524711,1.8167334774452e-8
RFX3,1461.9755153015,-0.714030390607833,1.97571700986183e-8
S100A10,813.023927237539,-1.02370002357237,2.12066617413295e-8
KCNAB1,78.2964133202285,-1.48416197005104,2.23374292975757e-8
DHFR2,90.8387530889483,-1.37066030130464,2.32811067567845e-8
PTPRR,146.516022552238,-1.18288185976688,2.49979189393877e-8
PRDX6-AS1,143.40045654122,-1.23765317743706,2.59403729923421e-8
DIP2C,757.307897012836,-0.752215534833554,2.80631620610666e-8
MTX2,272.11637048417,-1.08728517463913,2.95931806696645e-8
DENND1B,488.588522808675,-0.872241494958359,3.33434485851325e-8
KLHL5,1181.71767848679,-0.765052504144788,3.89166163756582e-8
AGAP1,1137.34861914065,-0.799960388230785,3.94061606357805e-8
ZNF681,83.8644987630228,-1.39809556495663,4.15807290859591e-8
UBE3A,2099.0054838694,-0.657800415535269,4.70974805850277e-8
DPYD-AS1,80.0841267282447,-1.59883992712073,5.18573954984158e-8
MATR3,677.647197836715,-0.939251850564878,5.6534454964343e-8
SPART,877.268266205089,-0.89405395177728,5.96618003810681e-8
LINC00907,49.330412769906,-1.75089416965429,6.91673143978661e-8
BBOX1-AS1,16.3533923796835,-3.38426623362124,7.71544208084955e-8
LHFPL6,466.813442557988,-0.990423068889094,7.85994601402926e-8
RGS9,67.571976607897,-1.54473853878126,7.99286888281867e-8
SPATA13,429.29050294041,-0.844761610442553,8.11811289721088e-8
TRPS1,7114.16873366831,-0.655909758075821,8.37267189480535e-8
TNFAIP8L3,42.5538463246242,-1.99373820118385,8.4725903904548e-8
BEND5,80.1143917513627,-1.39155089207067,9.01051230476674e-8
ST8SIA1,32.7655941866532,-2.0067697265261,9.20468747682627e-8
USP40,811.186380276727,-0.718987708742109,9.21111216406526e-8
DARS2,339.309202713941,-0.841924080325739,9.54201166913195e-8
LINC01111,13.8799305946446,-3.96004088084632,1.02048503927306e-7
ZNF100,292.772085872196,-0.860301325831507,1.0288159905133e-7
ZNF613,107.819751341089,-1.2057806687333,1.03785211599108e-7
SLIT2-IT1,57.0438688319504,-1.66163888985767,1.06693126078912e-7
CLK4,469.312604079005,-0.868871639031193,1.10456107231184e-7
TOM1L2,3735.84107939763,-0.675245313410326,1.16102869786626e-7
ZNF69,107.816467333859,-1.23999462083399,1.19496177863335e-7
EXT1,608.489557592161,-0.737993612921289,1.20916447417973e-7
GLS,2641.42056219397,-0.646040683909155,1.56296821105018e-7
VCL,7197.44364511884,-0.641337172747423,1.59510122487672e-7
AFF3,130.628181729161,-1.14741213160801,1.6178248125026e-7
KIF6,50.9241731411471,-1.6262534623403,1.62710344916511e-7
PCTP,182.037116669248,-1.07439709873512,1.89404808827476e-7
ADAM28,38.3385842326514,-1.81810994561411,2.05742732031617e-7
MGAT4C,23.6752940368062,-2.35352946866301,2.16131325848564e-7
SGIP1,27.269375114147,-2.2560526739263,2.22864573801647e-7
TEX41,23.089516131002,-2.41296200117719,2.32624380390845e-7
LINC01119,40.4087531631115,-1.81013243166594,2.33759335197978e-7
ZNF462,4019.19882429523,-0.685515186736908,2.49944814180756e-7
LACTB,514.822675025611,-0.943844737628728,2.51666006804877e-7
ABCD3,1063.74668999067,-0.713441964196476,3.08980885957384e-7
GNG2,292.30543676409,-0.863933738888855,3.18858480210721e-7
MGST1,914.16826560824,-2.30557106077579,3.20405309570765e-7
NSMAF,940.829573880373,-0.781598451377104,3.31614040007946e-7
ADGRV1,1530.52078301163,-0.757352833616446,3.58020003854536e-7
LINC01852,16.1608342858508,-2.99876053773793,3.6609289779587e-7
KCND3,61.5035596999736,-1.51628767826608,3.67367750539154e-7
CTSC,2005.74822361248,-0.895577054544836,3.74528656022222e-7
PPP2R2B,1096.51124605395,-0.709168359238155,4.09746844233199e-7
ZNNT1,111.690749553273,-1.10809099126626,4.76499203539795e-7
DOCK7-DT,51.1786469813835,-1.63923562527064,4.77411804578524e-7
VGLL4,1261.84673977346,-0.653501096140848,4.831340921636e-7
FANCB,349.602328251003,-0.909183629229699,5.40601311185668e-7
PRKAB2,540.164481300686,-0.838451703908093,5.67235736882735e-7
TOP2B,2027.36495958364,-0.652364300602884,6.35988912653448e-7
NMD3,556.338160671605,-0.802823454308818,6.38330286509912e-7
OSBPL6,724.5272394406,-0.698927683479015,6.41422913152994e-7
LAMA2,357.177579759372,-0.893937105188434,6.42477306816042e-7
TGFB2,685.579572049181,-0.848710110170639,6.49753791656157e-7
NREP,132.857465569464,-1.07452891147542,6.56151446391962e-7
NCOA3,1118.33660361295,-0.680602565488281,7.08637381955538e-7
VRK1,283.304352458708,-0.920124411877182,7.24162349859103e-7
CCAR1,1229.5306433911,-0.833172538054864,7.60636722868233e-7
CADM1,2010.29529654209,-0.654909508119764,7.95530216521678e-7
LNPEP,4056.39883583584,-0.653648298698138,8.92081648737591e-7
LINC01265,86.3661421293668,-1.27629443108147,9.57784191404548e-7
ITGB1-DT,27.5921737864064,-2.08704380849802,9.96733586072063e-7
ETAA1,400.452628626697,-0.926519625128986,1.02604230557176e-6
ST7,272.590510916922,-0.872294890887328,1.06013945509085e-6
CDKN3,127.919979968263,-1.4174784890372,1.07100193764233e-6
ATP11C,1850.14822838757,-0.697885238558347,1.09311288129534e-6
KDM4C,1427.29577997837,-0.626658520156247,1.19429191037538e-6
DDX10,732.684354612571,-0.736211505045098,1.22168290520027e-6
MAPRE2,691.827788600644,-0.741105125081144,1.29083845420259e-6
STN1,172.516679642091,-1.02063047339767,1.292857563748e-6
F2RL2,25.7868212070613,-2.05291170066704,1.37272386088284e-6
UBE3D,181.749796072983,-0.968866676187095,1.39313513949663e-6
PRLR,252.247397536601,-0.813945896851594,1.48499009526613e-6
GAB3,43.121118750023,-1.61758141629161,1.4937993197696e-6
CHIC2,2573.71620595395,-0.721172695151053,1.51192936903444e-6
GJC1,1186.51253783718,-0.662204436341433,1.53114350956691e-6
MTMR1,944.249516731181,-0.658559334965276,1.5668122902467e-6
LAMA4,3890.83721769499,-0.595732683251638,1.58467933556802e-6
GALNT17,2277.60412244124,-0.695485010395135,1.62374023311984e-6
ATG10,195.263639554701,-0.880341201501154,1.65591173334837e-6
ZNF699,296.836235046737,-0.788516296658077,1.70855886477552e-6
RNF24,1353.7177424586,-0.658301480934778,1.78936644843901e-6
LDLRAD3,472.299235751574,-0.731069231637628,2.22376633125943e-6
RPSA2,47.0683573877629,-1.53889135206168,2.24018202986601e-6
TMC1,35.1466860640948,-1.79876244440583,2.26247027817214e-6
NPEPPS,2911.67911637658,-0.575386837968741,2.43960103487209e-6
UACA,1722.56334463301,-0.686853591540967,2.53076621229097e-6
TMEM177,72.4041519448852,-1.26700006301603,2.70244858178452e-6
SOX5-AS1,192.071852057902,-1.13948034848054,3.03151721532101e-6
WWP1,629.810437756974,-0.721103826949031,3.06888807979861e-6
TYRP1,19.3707924545205,-2.37791999555619,3.12406886413233e-6
VXN,14.8291405122291,-2.94028816769291,3.14466120697325e-6
LINC01118,50.611954392169,-1.51921725723132,3.16950550758745e-6
LINC01444,23.1748144001245,-2.23592631133961,3.34511707908873e-6
KCNJ2,292.785097230045,-0.826793331097518,3.35602156397754e-6
WWC1,249.123135295201,-0.86642837900385,3.53633550256888e-6
CSDE1,7425.76903569263,-0.758786499716909,3.76590904705196e-6
SETBP1,1225.95373605286,-0.675082854083052,3.99966231309224e-6
PDSS2,208.13391084462,-0.895138125987464,4.4920938408428e-6
ODAD2,55.4760506339031,-1.33067724240086,4.79538259366958e-6
PTPRO,40.0123452274338,-1.77249482845024,4.85155592405729e-6
SOX5,1102.50122726049,-0.644566964996708,5.17074868207424e-6
TMTC4,346.445866250624,-0.782658983573982,5.23034092878376e-6
LINC01107,39.189779784487,-1.91926058725868,5.29307867077772e-6
TMOD2,1006.96132502864,-0.65435339813912,5.49814241615788e-6
CAPN2,3229.01181455872,-0.633107700493175,5.53697509637698e-6
TBC1D23,1319.13167172525,-0.777880446186663,5.58537701508307e-6
CYCS,622.612382232029,-0.94457504811854,5.82690906617616e-6
CLTC,13496.9505636609,-0.54365092802808,6.10142198299509e-6
LINC00601,16.6427337816231,-2.57812006201003,6.20521449393713e-6
STAT3,7180.7403670733,-0.54470491622428,6.52466823659624e-6
SPECC1L,369.688331872353,-0.728700729377584,7.08497524125488e-6
ACBD6,524.01199709069,-0.681820888611533,7.13688517991663e-6
EVA1C,190.690401271655,-0.837209797828717,7.41880098743862e-6
MBNL1-AS1,14.6856220016466,-2.61951537415789,8.01746231428888e-6
ZNF92,628.232400230207,-0.750631413811072,8.48079778285454e-6
CFAP54,50.4777399411619,-1.34085279623751,8.72975481603077e-6
PIK3CB,838.130853150338,-0.640801475468728,9.25742584708295e-6
TMX3,1040.92673135515,-0.725274992262968,9.2691300275118e-6
SNX5,1212.26604943714,-0.624267443385938,9.57074314666431e-6
SETD7,989.233358155551,-0.608602774365363,9.60217127489059e-6
ZNFX1,8616.24640126838,-0.541869590229558,1.02938634782599e-5
LINC03006,47.7182014940907,-1.42733288673075,1.10395817708371e-5
MIR3125,14.4819342479699,-3.01990870793418,1.12781958796447e-5
ADSS2,454.070344171285,-0.768865955851285,1.14004669992255e-5
LINC01581,9.70557776171937,-4.18395131285743,1.43855819947594e-5
XKR4-AS1,10.6073691674454,-3.73270526230155,1.44701682346437e-5
ODF2L,516.4014793412,-0.666738139654645,1.4582259594559e-5
ALCAM,3655.72873478991,-0.712397032830494,1.48175482226082e-5
CLDND1,510.786564608076,-0.904703523787032,1.56407976376386e-5
KIZ-AS1,69.7550156549296,-1.20559864714903,1.59576842444223e-5
MALSU1,210.19287542217,-0.860627702476506,1.6339475997507e-5
LINC01173,5.59652636316462,-6.38582338863091,1.7035909725632e-5
VAPA,2700.80667330527,-0.642858929303812,1.74187974424534e-5
NHLRC2,1766.28889517815,-0.551997800814376,1.76465038298763e-5
TNPO1,6256.75215131994,-0.571845290222686,1.85675980745167e-5
CAMK4,140.554173898131,-0.932163850094145,1.89426208514165e-5
ZMAT4,18.5823516463333,-2.20820845355682,2.48104910557986e-5
CDC73,1363.74976984303,-0.56282437168165,2.62153174005215e-5
RAB10,2621.04823035698,-0.626321774036567,2.64254031598105e-5
TM4SF18,13.5570332688802,-2.73420206038965,2.90082418206977e-5
LOC124900476,24.2830407453909,-1.90817333106553,3.00584863920407e-5
TFB1M,272.587985870734,-0.704106831746476,3.0504731272266e-5
UTP14A,306.29228156008,-0.833895040584578,3.12148647965204e-5
DLEU2,884.827685484938,-0.727625556470589,3.23608542594743e-5
MIR3681HG,20.9927102472796,-2.09048726175158,3.59748209724039e-5
SMLR1,29.4084810942,-1.62374037993962,3.62293853498479e-5
BCL2L1,555.696215556478,-0.680665675365718,3.63029991798176e-5
LSAMP,823.790304915952,-0.572980964810168,3.789888007701e-5
NMNAT3,404.967058411515,-0.798485625585988,3.8531790123613497e-05
SNTB2,1785.33924019326,-0.531412629868399,4.01179505336345e-5
ANKS1B,105.377751725646,-0.945177155875068,4.06203566578039e-5
GAD1,118.853955019332,-0.966082555670686,4.16530663350778e-5
CD36,16.2959260973643,-2.27985808946027,4.21974463846323e-5
SEPTIN7,1536.9031968761,-0.762624502197203,4.2904476263969e-5
NCEH1,968.171686890819,-0.613643639244665,4.54572464338698e-5
DPYSL2,1702.82735880477,-0.603053776225674,4.68183136896061e-5
RAP1B,1218.99558084956,-0.641673897009504,4.80307123307151e-5
LINC02104,5.15489927899952,-6.24500283967674,4.89922006851661e-5
SLCO5A1-AS1,19.0827457859745,-2.0014434905392,4.95401169592947e-5
PLAAT4,329.801704822095,-0.78952968675982,5.18493293073923e-5
RBKS,49.3080902453987,-1.31078069994816,5.73072097293511e-5
SIPA1L3,1449.37495535728,-0.602222629355459,6.01989656075285e-5
ASMER1,27.7895036412106,-1.64545685091332,6.20799968199046e-5
ZNF680,547.326194262523,-0.575590143111612,6.38012260407428e-5
ZNF704,97.6370025873117,-0.974263550918175,6.45796064899844e-5
SLC38A4,31.5448458138953,-1.63849901742856,6.88144618287948e-5
SNX13,1474.76047849239,-0.574784828168,6.91086858023715e-5
CH25H,24.9604917288978,-1.73452355070457,7.0933595029549e-5
TMEM44,418.650480650654,-0.672297610818852,7.23174837105177e-5
USP48,1545.80511354057,-0.502098970023675,7.51927046678557e-5
PIP4K2A,681.98643505743,-0.577799601046545,8.08069017688714e-5
GORAB,747.149223516731,-0.663688996245324,8.32135767749375e-5
COA1,1272.41620249972,-0.513815569762306,8.41285768072981e-5
USP46,416.579593800408,-0.693881303020344,8.42973754983649e-5
IGF1R,5496.95724561081,-0.518957163202345,9.42582173693471e-5
CCDC90B,316.458367992432,-0.741662282143151,9.47219980701743e-5
TMEM154,354.986914685694,-0.633930753741743,9.5724823236235e-5
NPAS2,63.3547287202836,-1.07471713910225,9.78871968173862e-5
CCSER2,2300.14653966857,-0.49861831820839,9.95476008932899e-5
LDLRAD4,1857.91173924954,-0.639859547893829,1.06740830740733e-4
ZNF385D,66.9637815431165,-1.07661687759722,1.11030757894232e-4
WWTR1,4695.52121865949,-0.484134027033072,1.11473887951516e-4
RBPJ,1952.60357268655,-0.509738669727487,1.15387805129602e-4
LINC02004,4.69558518732376,-6.01486189894254,1.18193487537e-4
LINC01013,21.7233783788433,-1.77243794029325,1.19239257070499e-4
LOC105375754,13.0881092193989,-2.40448590493677,1.22356773007441e-4
POLK,1243.85730168595,-0.557625055675978,1.25246983076234e-4
LOC105373682,4.27432854679875,-6.00323840490122,1.27049822541721e-4
PPFIBP1,3318.73339763464,-0.494184340470501,1.35322450904071e-4
LOC102723834,47.5964737540912,-1.27883230014704,1.40522847750162e-4
ICE2,1514.04497841674,-0.537050359551055,1.40884568505094e-4
OXSM,78.7479732805677,-1.16966493920958,1.44035993974743e-4
LRRC7,201.736720309438,-0.830192112019342,1.4449238845782e-4
MIR4803,25.2610434680283,-1.74017402343568,1.50906226120021e-4
FGF1,157.283918108348,-0.827787125346397,1.51768792409157e-4
PKP2,468.624418607399,-0.584848106121739,1.61367577221441e-4
ABCA8,9.75463264610472,-2.90206606244615,1.79434835858024e-4
BBX,4473.17175563903,-0.470392769893258,1.83726299800791e-4
ANKUB1,35.4676802434968,-1.45454974607971,2.02500804657858e-4
MIR2355,13.5402420661033,-2.43760234033078,2.06939381627399e-4
PALS1,730.862550782241,-0.532209780339028,2.08320483550194e-4
CORO1C,1822.79203904734,-0.54581749312597,2.14233456683814e-4
SLC38A11,11.2064945257415,-2.6112111916093,2.17423652899132e-4
SOX2-OT,10137.6452403868,-0.600576114232665,2.17718414242159e-4
ELP3,437.719671075519,-0.576391253255407,2.17876681062462e-4
PTPRD,201.516653495649,-0.687904291441066,2.18323088358715e-4
CPQ,468.435541974728,-0.794774767547139,2.26458008045259e-4
NR2F1-AS1,1411.0034976857,-0.675169343226582,2.27856243045726e-4
LOC101929710,12.2780774972269,-2.39124732518397,2.27944128039047e-4
FLRT3,201.901214691593,-0.772145825664757,2.33567839745959e-4
PEX2,489.942976006671,-0.672615164806519,2.4567926434107e-4
AUTS2,2106.0771344959,-0.555575734544711,2.58618083061583e-4
THSD7A,202.863434093713,-0.680665955087058,2.60997391833421e-4
MSANTD4,713.390461235115,-0.611271362551032,2.77192215694769e-4
WSCD1,311.257968129138,-0.629686628095813,2.78182666541827e-4
MIR4654,10.1973327187797,-2.86046338074024,2.85041123782714e-4
LAYN,1913.97886815207,-0.635326118052447,2.87886233686909e-4
CDRT4,24.3651385049816,-1.64273832143071,2.88660941571296e-4
LOC105378976,11.1207302980666,-2.42366127723422,3.02078896649266e-4
ZNF85,144.760023238329,-0.776578171897261,3.12862661489661e-4
RPS6KA3,1372.98397310502,-0.53417815185189,3.14993451931248e-4
STEAP1B,22.6525277786873,-1.81694823309969,3.36906785501358e-4
SERTAD4,121.149857880265,-0.960634643488521,3.40758494917839e-4
PLSCR2,45.8551164369376,-1.20947328752019,3.42459295951054e-4
OPA1,1900.02982707156,-0.498412735336182,3.63103304413268e-4
LOC101928940,11.3527979255873,-2.37262517231527,3.71729945392137e-4
MYCBP2,3282.289856451,-0.479511165893836,3.78556185409689e-4
PRR16,73.0506722500845,-1.09757184566313,4.01827567804535e-4
PGM3,1034.45153854741,-0.512055147149695,4.03156850042155e-4
IFRD1,486.096580173095,-0.529102878934353,4.61950624862862e-4
RASA3,334.939522134662,-0.582953846572941,5.08046660429979e-4
TANC1,2350.9198407392,-0.45239004575098,5.08478006138763e-4
LINC02015,8.61867767308799,-3.012090746699,5.21966729741867e-4
GLIS3-AS1,15.9332118388191,-1.99872087668872,5.23403424029784e-4
SRSF7,961.371004305263,-0.759712679832533,5.33001277573789e-4
ARHGAP31-AS1,18.7887977570328,-1.7728251046693,5.35820327738459e-4
SH3GLB1,2016.34559840947,-0.490339396524998,5.36823924536324e-4
EPS8,1441.7278525908,-0.513666524067032,5.36823924536324e-4
PRRC2C,7233.98224290306,-0.431778115769385,5.45490876258347e-4
PGBD1,161.977008242482,-0.760963419131191,5.48111573695766e-4
L3MBTL3,148.894896364847,-0.739428367910827,5.57913434882787e-4
ARHGAP21,2788.0049637908,-0.451275202421344,5.57928168771649e-4
SYT1,387.883627324322,-0.622907789224851,5.67769778827809e-4
ABHD2,2222.3537269732,-0.455937824124345,5.71850316400439e-4
CPA6,706.866691186259,-0.491468428678649,5.80353788846956e-4
SPCS3,887.709240708517,-0.507061931261151,5.89138901203321e-4
DCP2,1957.59171716788,-0.445900881716382,5.99412629605892e-4
CLDN1,112.267766574032,-0.918351054563417,6.05347644332667e-4
SPARC,17670.8199896387,-0.633406609685929,6.14262658467121e-4
SSPN,37.5168634625264,-1.23876429041568,6.15607104162833e-4
CHGB,84.0289224449788,-0.983605427492918,6.21128038035115e-4
RAPGEF2,1311.81107527474,-0.457149819577172,6.42787496920629e-4
RFX3-DT,119.554168076111,-0.874523755152868,6.68210907502738e-4
LINC01303,47.6724953642215,-1.11915081849139,6.86709656523295e-4
IFIT5,2717.35174275634,-0.506183167508161,7.05022595148188e-4
HTR7,427.224869639217,-0.59681671076774,7.11871098620529e-4
GPC6-AS1,13.0959682991014,-2.14072895545718,7.12440993797802e-4
PLAGL1,321.424808206292,-0.609349697340043,7.21718990303864e-4
LINC01717,7.41300875517176,-4.12859631423034,7.50885561648555e-4
PAQR8,140.953015059348,-0.690840179493496,7.81731207930251e-4
RASAL2-AS1,58.6066287434687,-1.00559817359865,7.84027175602991e-4
RGS4,611.73744319498,-0.664464107796969,7.86831253282188e-4
TYW3,154.789830188542,-0.715889480407488,8.22763207222742e-4
FIP1L1,507.986948808475,-0.493457899678042,8.53231115333725e-4
RAB9A,308.717483540541,-0.890522960596362,9.06698786605131e-4
JAZF1,311.121085834117,-0.625319809963104,9.40492776890716e-4
RETREG1,243.13713870898,-0.650234026399969,9.77556165372026e-4
POLRMT,957.261728154086,-0.506995794405567,0.0010221912639587
PLEKHA5,33.8065652199359,-1.26190488387572,0.00102522543132687
HIVEP3,2421.63850682836,-0.52285232168196,0.00108999046684108
CBLB,1151.23730288809,-0.496728803296497,0.00110405447442044
MICAL3,3879.33301812213,-0.507141214654664,0.00111257852471087
ZBTB18,825.958612550338,-0.510887451282378,0.00116316774370555
CEP112,284.906608414337,-0.55983746671286,0.0011762038152435
BCHE,36.8917594980106,-1.15606428659465,0.00120908310675611
DYNLT3,581.031184206004,-0.792129371727983,0.00121192350216838
LRIG2,1246.97532910513,-0.453015923633344,0.00125135029492299
STPG1,214.276072701511,-0.681074050438884,0.00130893774230846
COMMD1,133.033001371121,-0.735083278022996,0.00131278835387619
MIR6730,7.24449561008265,-2.97906115927571,0.00135717496817081
PCGF5,2017.90137588967,-0.458314797744713,0.00135852787166027
TBC1D8,349.523176545516,-0.513552817427773,0.00136099481343671
WNT5A,311.270834900334,-0.571795372669507,0.00136559146147013
LOC101928389,30.1798892097604,-1.37537778632503,0.0013902691041885
PI4K2A,543.781213474424,-0.57015938389018594,0.0014895218356695
FANCC,604.202774672634,-0.519016444994386,0.00149909303508135
PSPH,1045.68062851135,-0.580208597792578,0.00150136408661493
MRPS30,913.231023227898,-0.524718819904643,0.00152042564946226
PHLPP2,1592.25173091069,-0.428085470270133,0.00152496355111858
ZPLD1,11.29478432949,-2.35265862790343,0.00163150555511543
SESTD1,1101.32007553224,-0.428052703146857,0.00163208465994408
MSRA,259.579698787294,-0.551883534462034,0.00175803424533145
SMARCA2,1754.62991588167,-0.397754410600183,0.00179640870096168
MKLN1,4012.94412709959,-0.38982853637147,0.00180354232542285
HSD52,24.0272032744414,-1.40009489092417,0.00184878565265318
OR2S2,6.67016725594951,-2.96413196764519,0.00185244314778794
TRAM2-AS1,107.929024019586,-0.841461748499676,0.00187444563671478
FGF14,21.8223709635395,-1.44487442170793,0.00188208361031003
MYO1E,3398.54731336858,-0.38542304690024,0.00190070061531785
FUT10,153.906013950419,-0.627840256882202,0.00194459777271534
MAMLD1,320.8281819305,-0.560159230991101,0.00196199985208927
RECK,419.064481044302,-0.493829424572004,0.00210607491156122
KCNIP4,90.0227379305214,-0.876281237812726,0.00215251356175409
RNF182,535.198943623709,-0.469225264269319,0.00221716600283881
ZNF30,79.5386632727429,-0.840330574295714,0.00238202341573284
ERC1,1226.77868960882,-0.456627575595812,0.00238721554702878
MIR603,4.22487315858893,-4.84699675303128,0.00244975529117354
LNX1-AS1,7.55197330946562,-2.92426834149187,0.00257620956034078
MYBL1,876.309197875694,-0.564146492549838,0.00260474288997435
SPIDR,1095.61947186279,-0.409532554835262,0.00260716306636959
MAP4K5,761.107026289264,-0.497117004717261,0.00264679954611464
MCTP1,137.002421186161,-0.705971110913348,0.00272010364433936
NPR3,72.5060187834994,-0.932389499155111,0.00275237483719199
CCN4,38.3445847456242,-1.14312846642437,0.00281774141991318
NR4A2,107.918389651699,-0.726685523324275,0.00303738170299472
LOC124906209,37.6318781899864,-1.18944654500767,0.00308283761832957
ESR1,77.1178032545145,-0.840536123632119,0.00319869291547432
CALCRL,410.187548835983,-0.530116245772703,0.00322099758251927
RAB3GAP2,2209.32423140723,-0.393072594338608,0.00322542195402829
MIR222,15.1679845681841,-1.7473996312823,0.00328049594700732
RAPGEF6,254.395325119136,-0.613665516550969,0.00328177436403785
CACNA2D3,9.41162696133387,-2.24622393501152,0.0035027910837135
LINC01714,2.42358209064918,-5.12846718123178,0.00368175463858769
SAMD13,17.9517980699253,-1.47524293388747,0.00408633883124204
KCNS3,118.123671196719,-0.774778573149534,0.00409450288531531
FNDC3B,5290.19667008345,-0.376336117900517,0.00411677726440232
MAPK10,522.852804588994,-0.466189960714198,0.00429263725562455
SLC41A2,452.535501356524,-0.448052191928745,0.00437442045859675
TOX-DT,28.8312119515289,-1.43852577827283,0.00437931279444158
WDFY3,3242.81770691301,-0.383026226669348,0.00447414686534433
MSN,8444.47293842466,-0.429365093937427,0.00448684391312713
RAVER2,355.146419465947,-0.510206405406346,0.00458914332712245
LOC100505716,57.3894392563433,-0.892311112083049,0.00461337371757196
TMEM200A,79.2864576110633,-0.780518999251902,0.00471553204309422
EMBP1,9.19390586042564,-2.12205692580297,0.00475239222199368
RPS4Y1,110.188458071271,-0.651525831963382,0.00488819543069827
TFDP2,1336.08532609027,-0.397948309537509,0.00489000905241933
CLVS1,24.851330164671,-1.25230430660304,0.00489818290900426
TULP3,335.83012623196,-0.48554382366684,0.00492189720672556
MAP2K6,71.1031066047912,-0.807284267145263,0.00492194479999239
NOP58,503.168483739103,-0.521682474613429,0.0050495354814449
IGFBP7-AS1,24.4009042401424,-1.23773047246428,0.00506828716370321
NDST1,2405.52243580869,-0.391001743063991,0.00508654208161751
MLLT3,458.294566185781,-0.46238063419951,0.00515090076246021
SHROOM4,562.762411304008,-0.437443901293693,0.00526654466527122
ZMIZ2,2930.36240867654,-0.382204715025566,0.00526854501226431
MIR5000,6.22760835987267,-2.81748328276097,0.00543803779537179
LINC00052,3.64746041433739,-4.81643204184559,0.00549339474405772
GJA1,747.894265869212,-0.451706496846591,0.00561823070634397
GSK3B,2701.12444631947,-0.405839224956389,0.00570323426620135
GRIN2A,228.72829703703,-0.660507129468934,0.00573939741542859
ZC3H12C,1068.93883319911,-0.414959777201117,0.00575050746791647
SPAG1,602.404242044702,-0.501280162213108,0.00575747244604083
RHOB,1766.59085981928,-0.482704634748882,0.00577231448767431
SLC22A5,529.049416536622,-0.433610992529688,0.00588717710580874
MRPL33,221.418035637011,-0.671591110745463,0.00591091351628553
ITGAV,6213.51349900503,-0.387950017805996,0.00605604232415978
CEP152,338.588860377143,-0.490889908766283,0.00626971624334816
BST1,24.9809064673705,-1.25966351450892,0.00638496892290881
RFC3,247.506162942842,-0.590831428238965,0.00641961996005157
ARHGAP6,31.3342113744833,-1.07010580890964,0.0065774861277945
LRRC4C,111.420340877657,-0.646627925727893,0.00683909191831822
TMPRSS11D,88.4401438159109,-0.713256265432878,0.00685681658871901
TMEM135,558.260249056542,-0.451308687685705,0.00690041975540361
PIGB,407.538942886283,-0.469012015395213,0.00700383462249877
LRRC8D,1533.66752688572,-0.435652201798925,0.0071273131675793
CREB1,1544.24092506686,-0.370826265198885,0.0073419271238392
MSI2,7193.70662384151,-0.333207006265016,0.00748283888911266
FHL2,952.986677361294,-0.506223413955699,0.00757167115838206
MFSD2A,295.524750626335,-0.53912961983714,0.0077944543838091
ASAP1,4673.54377970013,-0.335717035447587,0.00781946478384525
PHYHIPL,41.5434021619871,-0.95438956428672606,0.00791890281378677
CCDC81,32.8466937020187,-1.05069981150009,0.00809112529911447
ZNF682,210.616002994018,-0.548860583734201,0.00813529213512475
ZNRF3,408.895356605188,-0.460562758207029,0.00830588163517986
LOC107986821,12.4096589490072,-1.70807382908889,0.00844970525888557
SFMBT2,519.94728380179,-0.417380269592812,0.00873448223949552
ANTXR1,1743.42171758224,-0.385695375758997,0.00900262523153813
SLC9A4,16.7589895037778,-1.42839343130765,0.00922610059344992
FSBP,467.482525262911,-0.438181450580978,0.00932802336188118
CDH8,4.02062126074391,-3.50003915099678,0.0093873041873187
SUZ12,2299.16798223986,-0.419097527302798,0.00939139548791461
LINC02649,155.763815572999,-0.601885555514258,0.010105707662584
CAV2,1121.65912177747,-0.551472159169999,0.0101257726695783
GLIPR1,728.154973030474,-0.514897308018367,0.0102114319710472
STK32A,409.511417080941,-0.43655695737223,0.010277467315904
MRAS,234.928788545965,-0.516567398588862,0.0103486717444676
XXYLT1,248.276433302797,-0.516164601732405,0.0106547775719256
ST7-AS2,64.2284758812557,-0.833932099561549,0.0107733527083937
LINC02725,3.59323637630681,-3.93304306675121,0.0107884412589826
MIR3167,5.08548849195784,-2.88416720147488,0.0109517091364591
C2orf69,328.657366338344,-0.507277686123961,0.0117533921971403
GCOM1,2.83101626256987,-4.36206629525137,0.0118715277374022
ST6GALNAC5,17.5391939982447,-1.35107307676649,0.0120406503186942
SPANXN1,2.88775067784558,-4.40962820580434,0.0121552098795411
LURAP1L,348.26724551802,-0.471740131268805,0.0121722278878266
GNG12,2702.35571709994,-0.407037705429233,0.012263874195897
SUB1,959.488190087959,-0.460065149728563,0.0123993752593128
FEZ1,501.057087642934,-0.504387757766737,0.0124640513866971
PRKCE,568.329979731747,-0.390741333347263,0.0128689555516608
DPP4,25.5897278278998,-1.21438992958065,0.013021138244146
ZNF273,197.364638653662,-0.483240868151043,0.0133315337475786
ABCC4,423.252291095806,-0.408937869447348,0.0133396141352902
DOT1L,1065.9589607143,-0.383114483963902,0.0138508160108663
ETFA,896.523754269888,-0.441197557118395,0.0138825662076104
SMAD4,1213.12025864069,-0.347473684833982,0.0140382897605444
EPHB3,843.065630650989,-0.395968751703182,0.0142026919835191
HMGB1,784.156814417708,-1.11691287853039,0.0146736624471418
RP1,14.0272974026891,-1.42615557557993,0.0147623114670425
ZNF639,640.892193373796,-0.428719752064491,0.0147928738151879
CYP1B1-AS1,15.6212122493233,-1.40836313649235,0.0150450915673282
KIF5B,2805.64497306614,-0.40752330052695,0.0150462878354684
AMPD3,48.8517059691397,-0.786001524525436,0.0152425876317312
SMAP1,187.492440511083,-0.521128668255184,0.0157853069667049
COP1,479.615401566164,-0.39361139314054,0.0158781937297347
GPATCH2,635.56529818303,-0.382800507920272,0.0159031860316305
CNTNAP3,6.09591814632925,-2.35038523526223,0.016397746488045
LAMA3,48.4495445175973,-0.786507022250031,0.0164682882581477
HPCAL1,939.691011070385,-0.383847837114741,0.0171410380841545
RPS6KA2,134.78614459136,-0.522022282187894,0.0174172037725763
NCOA1,1914.72618048803,-0.327582009821326,0.0174986488695465
CKAP4,2082.1116920644,-0.371770546685874,0.0175111063830475
DLC1,147.343449464361,-0.505294443047345,0.0184381763795534
GDAP2,2070.52469490065,-0.345468072876054,0.0187945616788682
HTR2A,38.5752965574837,-0.909640583839709,0.0189670655238549
METTL8,285.582017396206,-0.415124276514515,0.0197253542211911
LINC01968,13.1476685447485,-1.40398224482985,0.0201888558595483
RAD21,3641.95305763099,-0.370126773505856,0.0203605117503906
ZFP30,406.488857502333,-0.405294412839255,0.0204549088578159
FNDC3A,2323.23015620018,-0.324499719971766,0.0208872130001988
LOC124906146,3.24079455276606,-3.6343046344942,0.0215173228026896
RUBCNL,29.611284599117,-0.94544271284414,0.0216360963984155
LINC02450,34.5016559777543,-0.889309260712826,0.0219168008738195
AGFG1,2263.49088659269,-0.316674167331506,0.0222543796107036
GSX2,59.725478534814,-0.787228767015606,0.0224514136567597
BMPR1A,1857.2245123849,-0.337300208868551,0.0227803540120879
MIR204,49.5890335689221,-0.917954577304384,0.0231440930678333
ACO1,2263.82852489298,-0.34264021706929,0.0232194893787061
SLC30A7,1947.0269381995,-0.331659736132572,0.0234649809764634
NUFIP1,190.0693835019,-0.494635118784022,0.0242466160437384
MCUR1,593.095514180748,-0.395349323090668,0.0244012457816816
IL1A,50.2180373712785,-0.805199030777297,0.0247258226724175
DHRS9,12.6318985923226,-1.39011427474909,0.024956488591021
DCPS,440.806525053875,-0.398650861079482,0.0250676132907016
SUPT3H,147.94184436246,-0.492604627400616,0.025123487323171
CRAT37,6.96699216112281,-1.94602832810729,0.025762157760797
ZNF493,526.54272628496,-0.363292039536699,0.0266858707210846
SH3TC2,297.90405724195,-0.40540798817374,0.0276853355079676
ALDH9A1,466.248825220529,-0.444189570008569,0.0278541958799332
CCDC149,466.121732814811,-0.363061044590122,0.0282004947753428
MIR218-1,8.43016325836822,-1.66737982226049,0.0282084653461314
DLEU1,392.638023589719,-0.457944312860946,0.0293907062432225
TMEM17,55.2851075960154,-0.785017804937364,0.029403451463631
CPD,5443.66049911679,-0.292585656710087,0.0294040038805688
HPF1,117.795554741542,-0.652700734998063,0.0304307559752608
LMO7,427.462848678533,-0.392708061987838,0.0312871132851044
ABTB2,1927.92613341497,-0.314594443286883,0.0314174737014798
CHRM3-AS2,45.2549241996389,-0.768077801032347,0.0315855884071049
MBD2,608.917382092145,-0.373604989517789,0.0320574116500275
STXBP5,1130.1285229578,-0.316237913138742,0.0325509559896563
ACSL3,1849.62925860759,-0.342559335011476,0.0342886147599594
AK5,61.7846959570824,-0.64282782213660306,0.0353006694777343
SSX2IP,1470.76469213392,-0.359930805910587,0.0356923483196879
CHN1,1550.98524056449,-0.396178207506174,0.0358459131035849
FAM227B,72.5763597175532,-0.623149685661158,0.0362151529865049
TRIM55,2.18844593556888,-3.91031480597264,0.0373955350065805
MIR4319,9.86946639191845,-1.50128664086976,0.0377568348167092
LINC02631,16.1104879512733,-1.16535533073263,0.0378191533240837
THG1L,173.386317282573,-0.474052743307573,0.0381674617565701
CHD2,7604.44129992718,-0.27465514560213,0.0387356424694905
MACF1,17640.7227245836,-0.308547294628788,0.0388525534187443
CASC8,5.21018824044737,-2.11653501704002,0.0390371089269302
MIR920,17.0364291940509,-1.22296469197518,0.0392098184806965
FTO,3167.7018677164,-0.284184930812214,0.0397270592116646
CRADD-AS1,27.929332206222,-1.06369837438067,0.0403081536326864
ELOVL5,4161.25785868676,-0.36774343923523,0.0403864659814282
MPC1,124.985663264393,-0.572576332945778,0.0409650315326707
DISP1,702.242820997539,-0.327209494615481,0.041158550700459
LOC105378044,8.64711468144253,-1.67054560964777,0.0413735423127945
RDH10-AS1,87.3118064075601,-0.591054095981712,0.0419027139473326
PTPRC,12.8068412807072,-1.29395234826112,0.0421642027347073
CPO,6.83779233737397,-1.7353855219076,0.0421642027347073
SLC44A3,99.4926514440385,-0.557229190247243,0.042234235740936
TMEM244,5.58767801810043,-1.96969983133541,0.0422636219332414
GEMIN8,199.76390003987,-0.461305362580338,0.0430944036221555
MAPK8,950.920637503138,-0.335583859040318,0.0430970544679455
LOC124906346,3.34143348995325,-2.79072054509982,0.0432261987350954
ZNF621,1430.43838428809,-0.291558565825024,0.0436440149460505
DPH6,111.433709876574,-0.508858203235825,0.0438527595864287
ENPEP,5.15168764593354,-2.20650896609663,0.0454788469371096
ITGA11,268.403192919748,-0.389026334842306,0.0456572913791058
CAPZA3,2.60606532930961,-3.46323336273939,0.0457507909108723
CYP24A1,9.97252986065089,-1.39870132945133,0.0468071177809133
NUP160,1144.08050718602,-0.280855095876963,0.0483675361981148
SLC35F2,678.353206321458,-0.32492043816486,0.0484813530887631
GLI3,1595.49689316794,-0.329969673380676,0.0487979319215616
LOC124903236,1.98223239225279,-3.81378052039573,0.049019241601
SUCLG2,536.632314786459,-0.347513125046921,0.0492811721273751
LINGO2,21.5407744330727,-0.973111326867698,0.0493069771147227
KCNJ6,21.2440742396897,-1.0330236904489,0.0496910585503511
