"gene_name","n_peaks","categories","primary_category","closest_peak_distance","max_tes_signal","max_tead1_signal","has_promoter_peak","has_enhancer_peak","baseMean","log2FoldChange","padj","is_DEG","regulation","primary_category_simple"
"AFF3",2,"TEAD1_unique;TES_unique","TEAD1_unique",-8819,0.993392368007188,3.24058247109254,FALSE,TRUE,130.628181729161,-1.14741213160801,1.6178248125026e-07,TRUE,"Down","TEAD1_Unique"
"AHDC1",1,"TEAD1_unique","TEAD1_unique",12779,2.00521602873075,4.33415343566129,FALSE,TRUE,1031.33536441543,-1.18301176046592,1.41359244010342e-16,TRUE,"Down","TEAD1_Unique"
"AHR",1,"TES_unique","TES_unique",11828,4.07396097274656,0.172077539396145,FALSE,TRUE,22.1458083462917,1.15618730316425,0.020817378849998,TRUE,"Up","TES_Unique"
"AR",2,"Shared_TES_dominant;TES_unique","Shared_TES_dominant",0,4.67157854955383,2.70301477752105,TRUE,TRUE,2124.87320715423,-1.56242180942766,6.94069281414515e-38,TRUE,"Down","Shared"
"ARNT2",1,"TEAD1_unique","TEAD1_unique",-561,0.259542712069889,3.77051846059502,TRUE,FALSE,798.571845560625,-0.813022915155578,4.86515341764537e-08,TRUE,"Down","TEAD1_Unique"
"ARX",2,"Shared_TES_dominant;TES_unique","Shared_TES_dominant",-12965,2.92869257228059,1.76290137803734,FALSE,TRUE,28.9970886223484,1.45400588620406,0.000592230313390828,TRUE,"Up","Shared"
"ATF3",3,"Shared_high;TEAD1_unique;TES_unique","TEAD1_unique",0,6.21620211005211,19.2804575714411,TRUE,TRUE,678.727398867365,-1.81287792876013,2.11649518843257e-22,TRUE,"Down","TEAD1_Unique"
"ATOH8",1,"TEAD1_unique","TEAD1_unique",4430,2.0989369039442,5.25553758541743,FALSE,TRUE,87.8075412679052,-4.85107270898167,1.11712845159032e-39,TRUE,"Down","TEAD1_Unique"
"BACH2",3,"Shared_high;TEAD1_unique;TES_unique","Shared_high",-145,15.6758357466456,39.4259735536032,TRUE,TRUE,79.2413204769811,-1.9437976180316,7.7225233749881e-14,TRUE,"Down","Shared"
"BBX",1,"Shared_TES_dominant","Shared_TES_dominant",-3980,2.98943386606355,1.27524081402019,FALSE,TRUE,4473.17175563903,-0.470392769893258,0.000183726299800791,TRUE,"Down","Shared"
"BHLHE40",1,"TES_unique","TES_unique",-13155,3.82933840348353,0.235522542426835,FALSE,TRUE,2848.2380650402,-0.448467329253918,0.000991528597374006,TRUE,"Down","TES_Unique"
"BMAL2",2,"Shared_TEAD1_dominant;Shared_TES_dominant","Shared_TES_dominant",-1261,6.00381878609174,8.20719089341718,TRUE,TRUE,342.55012077621,-1.80920305014529,4.02709521626551e-30,TRUE,"Down","Shared"
"CEBPG",1,"TEAD1_unique","TEAD1_unique",-22887,2.08664568049841,3.83690414004217,FALSE,TRUE,1579.12884346434,-0.694776794722431,1.86908287844095e-05,TRUE,"Down","TEAD1_Unique"
"CREB1",2,"Shared_TES_dominant;TEAD1_unique","Shared_TES_dominant",-5021,1.73178623217425,4.2255756609306,FALSE,TRUE,1544.24092506686,-0.370826265198885,0.0073419271238392,TRUE,"Down","Shared"
"CREB5",3,"Shared_TES_dominant;TEAD1_unique;TES_unique","TEAD1_unique",0,3.91995438625073,5.19307059530543,TRUE,TRUE,684.37289125731,-1.25898863478479,2.07858830099079e-20,TRUE,"Down","TEAD1_Unique"
"CREBL2",2,"Shared_TEAD1_dominant;TEAD1_unique","TEAD1_unique",0,4.53305439823664,18.2004971487212,TRUE,TRUE,378.449830700646,-4.37793061996222,4.27955794084951e-91,TRUE,"Down","TEAD1_Unique"
"CSRNP1",1,"TEAD1_unique","TEAD1_unique",1105,3.41823473744009,4.19513375914417,TRUE,FALSE,469.562335076393,-1.51293096074021,1.0668110486538e-20,TRUE,"Down","TEAD1_Unique"
"CSRNP3",1,"TES_unique","TES_unique",47064,1.98575607244519,0.881949755808581,FALSE,TRUE,52.7085290381902,-3.83522369121125,5.08333745942844e-24,TRUE,"Down","TES_Unique"
"CUX1",2,"TEAD1_unique;TES_unique","TEAD1_unique",2266,3.52403313218765,5.52858367143824,TRUE,TRUE,3198.86149907515,0.404846534409709,0.00282038804950021,TRUE,"Up","TEAD1_Unique"
"DACH1",3,"Shared_TES_dominant;TEAD1_unique;TES_unique","TEAD1_unique",-69,4.2835820180622,4.25498865106336,TRUE,TRUE,560.623729028486,-1.36143841402169,2.5475010710802e-20,TRUE,"Down","TEAD1_Unique"
"DLX2",1,"TEAD1_unique","TEAD1_unique",3730,1.86172103612021,4.76539233216533,FALSE,TRUE,198.384502135121,-0.761523300852717,6.20683350883744e-05,TRUE,"Down","TEAD1_Unique"
"DLX5",1,"TEAD1_unique","TEAD1_unique",-2524,1.19514153258417,3.14463999099935,TRUE,FALSE,228.797325844365,1.45222407882186,6.49317158691438e-15,TRUE,"Up","TEAD1_Unique"
"E2F5",1,"TES_unique","TES_unique",0,5.1587478547704,1.28398274118994,TRUE,FALSE,319.0267535992,-1.1080422776345,1.59562000048037e-10,TRUE,"Down","TES_Unique"
"EGR2",1,"TEAD1_unique","TEAD1_unique",-77,4.97310840972806,6.87216778731568,TRUE,FALSE,120.078673566868,1.60240052561708,6.76897657025236e-12,TRUE,"Up","TEAD1_Unique"
"EHF",4,"Shared_TES_dominant;Shared_equivalent;TEAD1_unique;TES_unique","Shared_TES_dominant",0,13.6001743582623,23.1350574220149,TRUE,TRUE,674.019541061975,-1.01082219762396,2.90397591970582e-09,TRUE,"Down","Shared"
"ELF3",1,"TEAD1_unique","TEAD1_unique",15513,2.77357501651517,3.89149769265853,FALSE,TRUE,75.6239218919131,1.15145006035221,2.18756066471291e-05,TRUE,"Up","TEAD1_Unique"
"ENO1",2,"Shared_TEAD1_dominant;TEAD1_unique","TEAD1_unique",-1067,3.25836859388536,5.60082952307646,TRUE,TRUE,29447.1005459156,-1.59002940812955,2.42224752993173e-35,TRUE,"Down","TEAD1_Unique"
"EPAS1",3,"Shared_TEAD1_dominant;Shared_TES_dominant;TEAD1_unique","TEAD1_unique",0,4.82004850606124,5.30898786424881,TRUE,TRUE,2167.19155612526,-1.88394445296846,2.73398077161279e-49,TRUE,"Down","TEAD1_Unique"
"ESR1",2,"Shared_TES_dominant;TES_unique","Shared_TES_dominant",2604,6.36081741762067,4.47270437318181,TRUE,TRUE,77.1178032545145,-0.840536123632119,0.00319869291547432,TRUE,"Down","Shared"
"ESR2",1,"TES_unique","TES_unique",11399,1.5587941691989,0.670554293053491,FALSE,TRUE,190.672349322753,2.75853161307094,1.07999599726584e-36,TRUE,"Up","TES_Unique"
"ESRRG",4,"Shared_equivalent;Shared_high;TEAD1_unique;TES_unique","TES_unique",-88,11.2552773201724,9.6062262503438,TRUE,TRUE,154.839000672595,-1.39707608244521,3.33701043895209e-10,TRUE,"Down","TES_Unique"
"ETS1",5,"Shared_TEAD1_dominant;Shared_TES_dominant;Shared_high;TEAD1_unique;TES_unique","TEAD1_unique",1539,7.46189137054728,11.4828976439191,TRUE,TRUE,2016.77872978107,-2.52250066304808,1.98185565824567e-78,TRUE,"Down","TEAD1_Unique"
"ETV1",3,"Shared_high;TEAD1_unique;TES_unique","TES_unique",0,10.6249485608548,13.4870993626973,TRUE,TRUE,172.422582519218,0.714458391709034,0.000799141561755695,TRUE,"Up","TES_Unique"
"ETV4",1,"TEAD1_unique","TEAD1_unique",687,2.41587623284788,2.05311762394548,TRUE,FALSE,455.032835511565,2.52011944998217,1.11974482598376e-49,TRUE,"Up","TEAD1_Unique"
"ETV5",1,"Shared_equivalent","Shared_equivalent",42630,3.99505953514593,3.3018698601223,FALSE,TRUE,1108.0243675044,0.312573400271908,0.0393297398217127,TRUE,"Up","Shared"
"ETV6",2,"Shared_high;TEAD1_unique","TEAD1_unique",-134,7.399518123215,16.0388865489103,TRUE,TRUE,2635.45248502659,0.789728280947988,4.94486229615961e-09,TRUE,"Up","TEAD1_Unique"
"FLI1",1,"TEAD1_unique","TEAD1_unique",-7374,0.235234172367458,1.84193013471069,FALSE,TRUE,205.172040096751,-1.49117544807505,4.90046062752456e-17,TRUE,"Down","TEAD1_Unique"
"FOS",1,"TEAD1_unique","TEAD1_unique",-4537,1.33003470003212,3.95350796054946,FALSE,TRUE,266.852271051759,2.03223062031521,4.74296762248725e-30,TRUE,"Up","TEAD1_Unique"
"FOSL2",3,"Shared_TEAD1_dominant;Shared_equivalent;TEAD1_unique","TEAD1_unique",0,15.6947875772388,23.2359015082279,TRUE,TRUE,8774.07202132208,-2.02028418539159,8.50805320978349e-65,TRUE,"Down","TEAD1_Unique"
"FOXA1",1,"TEAD1_unique","TEAD1_unique",26989,0.151449239748692,1.33716322978338,FALSE,TRUE,146.247194756766,0.526195249565806,0.0217194552264176,TRUE,"Up","TEAD1_Unique"
"FOXI1",2,"Shared_equivalent;TEAD1_unique","TEAD1_unique",26859,5.10698390271929,6.96350950286502,FALSE,TRUE,10.6388637599583,3.64194300814606,0.000138138240162885,TRUE,"Up","TEAD1_Unique"
"FOXJ3",1,"TES_unique","TES_unique",-8616,3.59400374694883,0.559746653805637,FALSE,TRUE,2244.3654713152,0.302208687570782,0.0264575422859884,TRUE,"Up","TES_Unique"
"FOXK1",1,"TEAD1_unique","TEAD1_unique",-13746,3.03579103271254,5.96017393827263,FALSE,TRUE,3125.83740278096,-0.872555985465787,1.51956166643812e-08,TRUE,"Down","TEAD1_Unique"
"FOXK2",1,"TEAD1_unique","TEAD1_unique",16086,1.68369932137513,3.00686740928344,FALSE,TRUE,2407.16241940278,0.325790174288109,0.0180951562770924,TRUE,"Up","TEAD1_Unique"
"FOXO1",2,"Shared_TEAD1_dominant;TEAD1_unique","Shared_TEAD1_dominant",15836,2.57695298754232,2.79993857090769,FALSE,TRUE,687.814112639771,-0.94143100656381,5.99982555550991e-12,TRUE,"Down","Shared"
"FOXP1",4,"Shared_TEAD1_dominant;Shared_TES_dominant;TEAD1_unique;TES_unique","Shared_TES_dominant",0,3.81114587500944,5.0514270517242,TRUE,TRUE,1349.80959386972,-1.27265872282597,3.32769299514742e-19,TRUE,"Down","Shared"
"FOXQ1",1,"TEAD1_unique","TEAD1_unique",-44748,0.617427561048722,1.3654594338984,FALSE,TRUE,71.9504491349898,2.19760172489333,1.20365597675185e-13,TRUE,"Up","TEAD1_Unique"
"GBX2",1,"TEAD1_unique","TEAD1_unique",-6899,0.470762156958028,1.48992738364631,FALSE,TRUE,16.010153048594,3.27941753428609,3.86377727954826e-06,TRUE,"Up","TEAD1_Unique"
"GFI1",2,"Shared_TES_dominant;TES_unique","Shared_TES_dominant",-15448,6.76676784621345,5.46115231258363,FALSE,TRUE,48.3572743485175,2.73731844202455,3.43935456041697e-13,TRUE,"Up","Shared"
"GLI3",5,"Shared_TEAD1_dominant;Shared_TES_dominant;Shared_high;TEAD1_unique;TES_unique","TES_unique",0,9.36617542293776,6.06785032345226,TRUE,TRUE,1595.49689316794,-0.329969673380676,0.0487979319215616,TRUE,"Down","TES_Unique"
"GLIS2",1,"TEAD1_unique","TEAD1_unique",-15422,1.12536672181786,5.69837124904229,FALSE,TRUE,276.002390385939,-0.615912457323059,0.00124108287278797,TRUE,"Down","TEAD1_Unique"
"GLIS3",6,"Shared_TEAD1_dominant;Shared_TES_dominant;Shared_equivalent;Shared_high;TEAD1_unique;TES_unique","TES_unique",0,7.39406191473976,5.87647094070048,TRUE,TRUE,2829.70684627511,-2.06434871444888,1.25369726565919e-59,TRUE,"Down","TES_Unique"
"GRHL3",1,"TEAD1_unique","TEAD1_unique",-8717,1.16738120877382,1.51731306495089,FALSE,TRUE,26.5337650373233,-1.30683460547786,0.00266753343408355,TRUE,"Down","TEAD1_Unique"
"GSC",1,"TEAD1_unique","TEAD1_unique",-35661,0.247419620962788,1.88134870030747,FALSE,TRUE,30.9601406414762,-1.58147764675059,0.00026656090637813,TRUE,"Down","TEAD1_Unique"
"GSX2",2,"TEAD1_unique;TES_unique","TES_unique",118,7.23098902659373,4.27160656253497,TRUE,TRUE,59.725478534814,-0.787228767015606,0.0224514136567597,TRUE,"Down","TES_Unique"
"GTF2IRD1",1,"TEAD1_unique","TEAD1_unique",11283,2.2294229296983,5.20839630539094,FALSE,TRUE,1116.66912757316,0.538063788287576,4.99521699591824e-05,TRUE,"Up","TEAD1_Unique"
"HDGF",1,"TEAD1_unique","TEAD1_unique",278,2.48794044663571,7.52191857859274,TRUE,FALSE,3501.56013687414,0.580742234349943,0.00231786155603947,TRUE,"Up","TEAD1_Unique"
"HES1",1,"TEAD1_unique","TEAD1_unique",-1205,3.95722918542875,9.94539041584041,TRUE,FALSE,713.865257672184,1.0688545013238,2.97447297679724e-08,TRUE,"Up","TEAD1_Unique"
"HIF1A",1,"TES_unique","TES_unique",1054,1.23822868387449,0,TRUE,FALSE,8284.19562561258,-0.883556698264172,5.03923853191384e-11,TRUE,"Down","TES_Unique"
"HIF3A",1,"Shared_TEAD1_dominant","Shared_TEAD1_dominant",-7530,1.49815646138473,1.82835623778013,FALSE,TRUE,8.6284343993319,2.77438889253621,0.00204568577818697,TRUE,"Up","Shared"
"HIVEP1",1,"TES_unique","TES_unique",30009,2.48937076056997,0.353839625914892,FALSE,TRUE,837.184908796615,-0.953674603230097,5.91684833281381e-13,TRUE,"Down","TES_Unique"
"HIVEP2",2,"Shared_TES_dominant;TES_unique","TES_unique",3677,7.63349912533986,3.8142165129726,FALSE,TRUE,1141.56713641823,-0.728512938522502,6.83209916449082e-09,TRUE,"Down","TES_Unique"
"HIVEP3",5,"Shared_TES_dominant;Shared_equivalent;Shared_high;TEAD1_unique;TES_unique","TEAD1_unique",-246,15.815910693392,7.29453182517318,TRUE,TRUE,2421.63850682836,-0.52285232168196,0.00108999046684108,TRUE,"Down","TEAD1_Unique"
"HLF",1,"TEAD1_unique","TEAD1_unique",15479,7.37586198554741,6.14913112265212,FALSE,TRUE,238.276383309465,-3.5833631287258,4.29648378092782e-75,TRUE,"Down","TEAD1_Unique"
"HNF1B",3,"Shared_equivalent;TEAD1_unique;TES_unique","TEAD1_unique",-7566,4.24646036993197,7.08186160927587,FALSE,TRUE,9.81252030223465,4.016244097712,0.000183963823138167,TRUE,"Up","TEAD1_Unique"
"HOXB3",1,"TES_unique","TES_unique",131,1.62252041671082,0.582613997108547,TRUE,FALSE,871.791990097661,-0.931138977926539,1.21072755874001e-11,TRUE,"Down","TES_Unique"
"HOXC5",1,"TEAD1_unique","TEAD1_unique",5,0.483549734701713,1.61128344628546,TRUE,FALSE,20.9234768954509,-1.48468791904933,0.00368175463858769,TRUE,"Down","TEAD1_Unique"
"INSM1",1,"Shared_equivalent","Shared_equivalent",25220,2.0127755081992,3.01199592538687,FALSE,TRUE,9.10742657750271,6.25651077909651,7.00333716568516e-06,TRUE,"Up","Shared"
"IRF1",2,"TEAD1_unique;TES_unique","TEAD1_unique",-1128,3.23700720557294,10.3996294558507,TRUE,FALSE,1210.28605543305,-0.868444743367032,1.24274004410408e-11,TRUE,"Down","TEAD1_Unique"
"IRX6",1,"TEAD1_unique","TEAD1_unique",-26128,0.646159940041029,2.22738479314706,FALSE,TRUE,13.5847484131196,2.71852035872715,0.000225766149010589,TRUE,"Up","TEAD1_Unique"
"JPH2",2,"Shared_TEAD1_dominant;TEAD1_unique","TEAD1_unique",-80,2.15320524364187,15.6634215757861,TRUE,TRUE,141.839296405328,-2.27267358867133,2.01181016525567e-28,TRUE,"Down","TEAD1_Unique"
"JUN",3,"Shared_TES_dominant;Shared_high;TEAD1_unique","TEAD1_unique",-21,19.9860155253019,19.0325616566255,TRUE,TRUE,6507.35860724743,0.37185915180783,0.0117977307343185,TRUE,"Up","TEAD1_Unique"
"KCNIP3",1,"TEAD1_unique","TEAD1_unique",-12530,2.14428488966348,6.86599248181219,FALSE,TRUE,51.0919196275264,-0.652505200283656,0.0484813530887631,TRUE,"Down","TEAD1_Unique"
"KLF10",2,"TEAD1_unique;TES_unique","TEAD1_unique",180,14.7608395804878,23.4051843530991,TRUE,TRUE,3012.51224859935,-2.61543858873535,3.65942012970687e-58,TRUE,"Down","TEAD1_Unique"
"KLF2",1,"TEAD1_unique","TEAD1_unique",13226,0.574532349067234,6.01082495059562,FALSE,TRUE,53.9068885901329,-1.21509969001533,0.00033271770586091,TRUE,"Down","TEAD1_Unique"
"KLF3",1,"TEAD1_unique","TEAD1_unique",-89,12.5323250459165,10.1632124608877,TRUE,FALSE,2252.95516527194,0.611725811268903,5.58877540724765e-06,TRUE,"Up","TEAD1_Unique"
"KLF5",1,"TES_unique","TES_unique",15580,3.07281908748481,1.06094906573513,FALSE,TRUE,1362.33825066813,1.13931420716612,1.13454881149204e-16,TRUE,"Up","TES_Unique"
"KLF6",2,"Shared_high;TEAD1_unique","Shared_high",-819,6.01042210022608,7.69040210723877,TRUE,TRUE,2030.29566739817,0.664009280298034,2.62783236738305e-05,TRUE,"Up","Shared"
"KLF7",3,"Shared_TES_dominant;TEAD1_unique;TES_unique","TEAD1_unique",1797,3.18215506076813,3.79789474866534,TRUE,TRUE,1315.39838657246,-1.50886298532762,9.00459162612508e-32,TRUE,"Down","TEAD1_Unique"
"KLF9",1,"TEAD1_unique","TEAD1_unique",217,2.99322037233247,6.65821262862947,TRUE,FALSE,1004.18323746496,-0.755664243624545,2.27619278961692e-08,TRUE,"Down","TEAD1_Unique"
"LHX2",1,"TEAD1_unique","TEAD1_unique",39545,1.17285768529682,2.9924744363084,FALSE,TRUE,49.2090598009272,1.5376748734618,4.74423141617085e-06,TRUE,"Up","TEAD1_Unique"
"LITAF",1,"TEAD1_unique","TEAD1_unique",3413,0.330755138629908,2.76575910311203,FALSE,TRUE,699.918487536377,0.402819773516625,0.0286228356091195,TRUE,"Up","TEAD1_Unique"
"LRRFIP1",1,"TEAD1_unique","TEAD1_unique",-10654,0.760146608224306,3.17095681315926,FALSE,TRUE,1841.92688649227,0.376309575802068,0.00621004366000841,TRUE,"Up","TEAD1_Unique"
"MAF",1,"TES_unique","TES_unique",-27879,1.94561464065,2.38685912050699,FALSE,TRUE,2147.66587369509,1.09244113586718,9.24498689095753e-17,TRUE,"Up","TES_Unique"
"MAFB",1,"TEAD1_unique","TEAD1_unique",37649,2.5167789950129,3.20784782040255,FALSE,TRUE,277.172674229191,2.37984207788346,1.605239227673e-39,TRUE,"Up","TEAD1_Unique"
"MAFK",1,"TEAD1_unique","TEAD1_unique",0,2.73309621288562,12.8882788470426,TRUE,FALSE,598.149975166303,-0.428040797662422,0.0138923430379931,TRUE,"Down","TEAD1_Unique"
"MAX",1,"TES_unique","TES_unique",5581,3.06272842321131,0.77259846445587,FALSE,TRUE,762.656567338194,0.427027778871626,0.00517638464464478,TRUE,"Up","TES_Unique"
"MECOM",2,"TEAD1_unique;TES_unique","TES_unique",0,1.75381904123247,0.760695613766842,TRUE,TRUE,320.932771674365,0.791470901999081,1.85905616139973e-06,TRUE,"Up","TES_Unique"
"MEF2C",5,"Shared_TEAD1_dominant;Shared_equivalent;Shared_high;TEAD1_unique;TES_unique","TEAD1_unique",0,11.3693349720234,7.52774609038025,TRUE,FALSE,793.317224724263,-1.23544331662129,1.6388371315221e-20,TRUE,"Down","TEAD1_Unique"
"MEF2D",1,"TEAD1_unique","TEAD1_unique",-10055,2.26973007001211,3.83049059452101,FALSE,TRUE,1350.37768933871,0.446943373689224,0.000745008632467291,TRUE,"Up","TEAD1_Unique"
"MEIS2",2,"TEAD1_unique;TES_unique","TEAD1_unique",0,1.41860725247962,3.21267741684221,TRUE,TRUE,1042.26914891448,-0.672927549930708,4.47973947186278e-07,TRUE,"Down","TEAD1_Unique"
"MITF",1,"TEAD1_unique","TEAD1_unique",6460,0.905566403267452,1.70506301839498,FALSE,TRUE,566.104825224988,-0.42639068781281,0.00662389936920877,TRUE,"Down","TEAD1_Unique"
"MLXIP",1,"TEAD1_unique","TEAD1_unique",10440,0.269047605554358,1.42363459521379,FALSE,TRUE,2065.93655498893,0.619940653298532,1.06522935772636e-05,TRUE,"Up","TEAD1_Unique"
"MXD4",1,"TEAD1_unique","TEAD1_unique",-119,13.7802154697701,18.2675049662778,TRUE,FALSE,952.642282489933,0.41092001412352,0.00621900890095228,TRUE,"Up","TEAD1_Unique"
"MYBL1",5,"Shared_TEAD1_dominant;Shared_TES_dominant;Shared_high;TEAD1_unique;TES_unique","TEAD1_unique",0,19.8659263558546,19.5476124661653,TRUE,TRUE,876.309197875694,-0.564146492549838,0.00260474288997435,TRUE,"Down","TEAD1_Unique"
"MYC",2,"Shared_equivalent;TES_unique","Shared_equivalent",0,4.66461317662894,3.96026966457925,TRUE,TRUE,505.121869174922,-1.10230748717995,9.95431182345309e-10,TRUE,"Down","Shared"
"MYRFL",2,"TEAD1_unique;TES_unique","TES_unique",-2989,1.47091191179898,2.32881191141247,TRUE,TRUE,39.7783630171621,2.02877753737011,2.44088680574491e-07,TRUE,"Up","TES_Unique"
"NACC2",1,"Shared_high","Shared_high",-1482,22.7834945286022,45.3143801545306,TRUE,FALSE,1704.99171335875,-1.80896874025367,1.03489284860489e-46,TRUE,"Down","Shared"
"NEUROG2",1,"TES_unique","TES_unique",-16200,5.70191942613362,1.53283583008366,FALSE,TRUE,12.1518251283888,4.86570705288058,2.62727427749259e-05,TRUE,"Up","TES_Unique"
"NFAT5",2,"Shared_TEAD1_dominant;Shared_equivalent","Shared_equivalent",-29738,2.25829387477819,2.18701742200838,FALSE,TRUE,11356.9676358921,0.403399007669681,0.00676356136853682,TRUE,"Up","Shared"
"NFATC2",1,"TEAD1_unique","TEAD1_unique",0,0.969743848099547,4.1996662162118,TRUE,FALSE,134.157616713487,2.57621229463173,2.53538808488798e-25,TRUE,"Up","TEAD1_Unique"
"NFATC3",1,"TES_unique","TES_unique",19161,2.74786773493016,1.83320874692988,FALSE,TRUE,1184.20914958115,0.358562224639761,0.00813580188571505,TRUE,"Up","TES_Unique"
"NFIB",5,"Shared_TEAD1_dominant;Shared_TES_dominant;Shared_equivalent;TEAD1_unique;TES_unique","TEAD1_unique",0,3.64419254080946,4.71824782088871,TRUE,TRUE,2705.16368521324,-2.96297919606652,7.87074262497469e-121,TRUE,"Down","TEAD1_Unique"
"NFIC",1,"TEAD1_unique","TEAD1_unique",-1299,8.95491770938643,10.8711669209213,TRUE,FALSE,6363.84255407406,-1.46336738761266,1.86070602052574e-25,TRUE,"Down","TEAD1_Unique"
"NFIL3",1,"TEAD1_unique","TEAD1_unique",389,0.594885183727009,1.97697309213772,TRUE,FALSE,462.810542855106,0.563786437338885,0.0204750522235824,TRUE,"Up","TEAD1_Unique"
"NFIX",1,"TEAD1_unique","TEAD1_unique",-14518,3.37814176245911,8.78898132881617,FALSE,TRUE,5040.88518818899,-2.53560146678647,1.26909082358836e-93,TRUE,"Down","TEAD1_Unique"
"NFKB1",3,"Shared_TEAD1_dominant;Shared_equivalent;TEAD1_unique","Shared_equivalent",-4610,1.90355573198365,6.25394392477399,FALSE,TRUE,798.482829360816,-0.608592376422798,5.67697597694526e-06,TRUE,"Down","Shared"
"NFX1",2,"Shared_TEAD1_dominant;TEAD1_unique","Shared_TEAD1_dominant",1394,4.32596031556862,8.14860841567907,TRUE,TRUE,1347.53005274247,-0.64617674881998,4.14696128672327e-06,TRUE,"Down","Shared"
"NPAS2",2,"Shared_equivalent;TEAD1_unique","TEAD1_unique",-22941,4.71192140892299,10.4545278886352,FALSE,TRUE,63.3547287202836,-1.07471713910225,9.78871968173862e-05,TRUE,"Down","TEAD1_Unique"
"NPAS3",4,"Shared_TES_dominant;Shared_equivalent;TEAD1_unique;TES_unique","TEAD1_unique",0,2.88517324508925,2.90272450594939,TRUE,TRUE,1032.4547784615,-2.81886389341653,1.63477477080869e-83,TRUE,"Down","TEAD1_Unique"
"NR1D2",3,"Shared_TEAD1_dominant;TEAD1_unique;TES_unique","TES_unique",-1021,2.98161025091454,5.09062719677688,TRUE,TRUE,2766.6738376278,-1.29829981781382,3.71182726253691e-24,TRUE,"Down","TES_Unique"
"NR1H4",3,"Shared_TEAD1_dominant;TEAD1_unique;TES_unique","TEAD1_unique",0,2.32247164054106,9.84015269981798,TRUE,TRUE,28.5278009920578,-3.36960558105971,1.25737718720873e-12,TRUE,"Down","TEAD1_Unique"
"NR2F1",2,"Shared_TES_dominant;TES_unique","TES_unique",-83,11.7608435921403,7.80543629191976,TRUE,FALSE,1690.45441170284,-1.2170313712955,9.77001332679116e-17,TRUE,"Down","TES_Unique"
"NR4A2",1,"TES_unique","TES_unique",-37942,1.41070773519536,0.112361980619885,FALSE,TRUE,107.918389651699,-0.726685523324275,0.00303738170299472,TRUE,"Down","TES_Unique"
"NR6A1",2,"TEAD1_unique;TES_unique","TES_unique",-19832,1.57064481873165,2.53724602995248,FALSE,TRUE,261.118246283311,0.433783947820621,0.0352606070419409,TRUE,"Up","TES_Unique"
"NRF1",1,"TES_unique","TES_unique",-19595,4.02676015672011,0,FALSE,TRUE,617.981106137502,0.701226061625143,2.63290466581125e-06,TRUE,"Up","TES_Unique"
"PAX8",3,"Shared_TES_dominant;Shared_high;TEAD1_unique","TEAD1_unique",447,23.7449762358182,39.0181816315305,TRUE,TRUE,305.178765746222,2.3785410021799,3.16535880757022e-33,TRUE,"Up","TEAD1_Unique"
"PBX1",5,"Shared_TES_dominant;Shared_equivalent;Shared_high;TEAD1_unique;TES_unique","TEAD1_unique",-872,11.8245582703375,10.7061050686348,TRUE,TRUE,4305.28238550755,-1.15080835719741,3.8117086676956e-19,TRUE,"Down","TEAD1_Unique"
"PBX4",2,"TEAD1_unique;TES_unique","TEAD1_unique",-11237,4.03010549760215,3.66517861954479,FALSE,TRUE,79.3249104496551,1.16116578187701,1.30955138699351e-05,TRUE,"Up","TEAD1_Unique"
"PCBP3",1,"TEAD1_unique","TEAD1_unique",6343,1.12449567627024,2.24044238722093,FALSE,TRUE,23.5349623298379,4.22845561125405,3.61261679680424e-09,TRUE,"Up","TEAD1_Unique"
"PGBD1",1,"Shared_TES_dominant","Shared_TES_dominant",14933,4.93226448490038,2.38525498118188,FALSE,TRUE,161.977008242482,-0.760963419131191,0.000548111573695766,TRUE,"Down","Shared"
"PITX2",2,"Shared_TEAD1_dominant;TEAD1_unique","TEAD1_unique",-21564,1.58593692928737,2.39089084764691,FALSE,TRUE,119.766506620006,-1.88699079931176,1.87089291896978e-16,TRUE,"Down","TEAD1_Unique"
"PLAG1",2,"TEAD1_unique;TES_unique","TES_unique",-967,1.11825521260697,1.1640222041992,TRUE,FALSE,614.298235230877,0.650077338414967,1.70806266623036e-05,TRUE,"Up","TES_Unique"
"PLAGL1",1,"TES_unique","TES_unique",-8494,2.37664692961496,0.201716392304246,FALSE,TRUE,321.424808206292,-0.609349697340043,0.000721718990303864,TRUE,"Down","TES_Unique"
"PLSCR1",2,"TEAD1_unique;TES_unique","TES_unique",0,1.53075564618696,2.80332739301067,TRUE,TRUE,2602.98567008,-1.14999799023702,6.84913756957118e-17,TRUE,"Down","TES_Unique"
"POU2F1",1,"TES_unique","TES_unique",21618,4.25421646419837,1.79308657540756,FALSE,TRUE,1788.36592186717,0.519346140042862,6.7111839720979e-05,TRUE,"Up","TES_Unique"
"POU2F2",1,"TEAD1_unique","TEAD1_unique",622,0.704415088257019,2.96414776226636,TRUE,FALSE,63.7974271681192,2.0841498214198,6.52545515362083e-12,TRUE,"Up","TEAD1_Unique"
"POU3F2",1,"TEAD1_unique","TEAD1_unique",-1665,1.50954518470746,5.23272174887124,TRUE,FALSE,4526.74268485238,0.955219422116464,4.33947364030553e-13,TRUE,"Up","TEAD1_Unique"
"PPARD",1,"TEAD1_unique","TEAD1_unique",48755,0.295060968012175,1.87876826091962,FALSE,TRUE,1471.95974444655,-0.59199298036074,5.30373653978327e-06,TRUE,"Down","TEAD1_Unique"
"PRDM1",2,"TEAD1_unique;TES_unique","TEAD1_unique",132,4.25929506137533,2.44574493121561,TRUE,TRUE,625.37362036842,1.13074522524662,2.29792593689805e-16,TRUE,"Up","TEAD1_Unique"
"PRDM16",1,"TEAD1_unique","TEAD1_unique",-18404,0.862802394578854,4.11699427117904,FALSE,TRUE,412.916089426814,-1.2620412372427,5.37284031126215e-14,TRUE,"Down","TEAD1_Unique"
"PRDM5",1,"TES_unique","TES_unique",-48064,2.82597510410207,0.433484456487118,FALSE,TRUE,92.891373385179,-1.41973347533342,9.32082317049463e-09,TRUE,"Down","TES_Unique"
"PRRX1",2,"Shared_TES_dominant;TES_unique","TES_unique",-8160,3.45662590810562,1.74548396808968,FALSE,TRUE,1671.52143135422,-2.06534801811558,1.01023716651128e-57,TRUE,"Down","TES_Unique"
"PURG",1,"TES_unique","TES_unique",39417,1.48161458553506,0,FALSE,TRUE,57.3434062974423,-1.10202492539156,0.000186475133683423,TRUE,"Down","TES_Unique"
"RARA",1,"TEAD1_unique","TEAD1_unique",-3258,3.04497052010595,5.05473504267078,FALSE,TRUE,994.437085379203,-1.11158432472782,4.32769142292744e-15,TRUE,"Down","TEAD1_Unique"
"RARB",5,"Shared_TES_dominant;Shared_equivalent;Shared_high;TEAD1_unique;TES_unique","TES_unique",0,8.30962432581082,7.86038642499055,TRUE,TRUE,1057.82482264415,-3.21209099783835,1.33757706879539e-122,TRUE,"Down","TES_Unique"
"RBPJ",3,"Shared_TEAD1_dominant;TEAD1_unique;TES_unique","TEAD1_unique",0,6.85596132744364,7.64192769679237,TRUE,TRUE,1952.60357268655,-0.509738669727487,0.000115387805129602,TRUE,"Down","TEAD1_Unique"
"REST",1,"TEAD1_unique","TEAD1_unique",-14,1.99011296155794,2.5717870986849,TRUE,FALSE,3098.30956499047,-0.583667916369366,5.02600981195426e-06,TRUE,"Down","TEAD1_Unique"
"RFX3",3,"Shared_TES_dominant;TEAD1_unique;TES_unique","TES_unique",-6085,5.92875419417224,4.88321745345677,FALSE,TRUE,1461.9755153015,-0.714030390607833,1.97571700986183e-08,TRUE,"Down","TES_Unique"
"RLF",1,"TES_unique","TES_unique",25137,2.65200735691822,1.02809355381763,FALSE,TRUE,1760.33741700489,-0.439416127521466,0.00223285498873135,TRUE,"Down","TES_Unique"
"RREB1",1,"TEAD1_unique","TEAD1_unique",17738,0.199079597399123,0.811566959430532,FALSE,TRUE,1362.01881796684,-0.421995250510301,0.00400084012336451,TRUE,"Down","TEAD1_Unique"
"RUNX2",3,"Shared_TES_dominant;Shared_high;TES_unique","TES_unique",0,7.2403264058133,11.2536486154113,TRUE,TRUE,1792.22726647944,-0.998250940967586,2.27097960856377e-14,TRUE,"Down","TES_Unique"
"SIM1",2,"Shared_TEAD1_dominant;TEAD1_unique","TEAD1_unique",45577,0.847710176329432,1.49391231988663,FALSE,TRUE,32.4404261698811,-2.49858880475138,6.04641423245332e-10,TRUE,"Down","TEAD1_Unique"
"SIX5",1,"TEAD1_unique","TEAD1_unique",0,3.06729274280227,13.4839466808704,TRUE,FALSE,59.3906303501826,-1.16044285724038,0.000390185806445792,TRUE,"Down","TEAD1_Unique"
"SKI",1,"TEAD1_unique","TEAD1_unique",-12589,0.70308855384218,3.98915321381443,FALSE,TRUE,1966.52923526206,-0.617454211648309,6.796468362222e-06,TRUE,"Down","TEAD1_Unique"
"SMAD2",1,"TES_unique","TES_unique",-12835,1.39390889039406,0,FALSE,TRUE,2208.67239550671,0.26924628567178,0.0463143024256786,TRUE,"Up","TES_Unique"
"SMAD3",4,"Shared_TEAD1_dominant;Shared_TES_dominant;Shared_high;TEAD1_unique","TEAD1_unique",0,10.7583831645948,53.4443143786806,TRUE,TRUE,5220.34470181836,-0.914075611738659,2.91147300653081e-14,TRUE,"Down","TEAD1_Unique"
"SMAD4",1,"Shared_high","Shared_high",-11044,6.47722458896048,6.92009421199065,FALSE,TRUE,1213.12025864069,-0.347473684833982,0.0140382897605444,TRUE,"Down","Shared"
"SMAD5",1,"TEAD1_unique","TEAD1_unique",-9163,0.656349189113148,1.35164026271828,FALSE,TRUE,1869.09785374085,-0.393622409347487,0.00688173365915736,TRUE,"Down","TEAD1_Unique"
"SNAI2",2,"TEAD1_unique;TES_unique","TEAD1_unique",0,2.96077351475049,4.07891344692225,TRUE,TRUE,209.219971187668,-0.822138522464535,0.00130104960047044,TRUE,"Down","TEAD1_Unique"
"SOX13",1,"TEAD1_unique","TEAD1_unique",2162,3.24567568233247,5.7834666919157,TRUE,FALSE,3987.13279370693,1.01928962099914,3.2363934671076e-17,TRUE,"Up","TEAD1_Unique"
"SOX3",1,"TES_unique","TES_unique",-10824,1.34161550743239,2.51950066032864,FALSE,TRUE,220.600244105615,4.26193428228506,1.56108108188622e-61,TRUE,"Up","TES_Unique"
"SOX30",1,"TES_unique","TES_unique",3496,1.93970534938609,0.20946969243281,FALSE,TRUE,13.3160300831109,-1.7303447863833,0.00321707075137257,TRUE,"Down","TES_Unique"
"SOX4",2,"Shared_TES_dominant;TES_unique","Shared_TES_dominant",0,10.4073537205139,4.39849784821946,TRUE,TRUE,5298.40961729088,1.27202209278729,2.7448319412305e-26,TRUE,"Up","Shared"
"SOX5",5,"Shared_TEAD1_dominant;Shared_TES_dominant;Shared_high;TEAD1_unique;TES_unique","TEAD1_unique",0,6.89105980657041,15.4387494604557,TRUE,TRUE,1102.50122726049,-0.644566964996708,5.17074868207424e-06,TRUE,"Down","TEAD1_Unique"
"SOX6",3,"Shared_TEAD1_dominant;TEAD1_unique;TES_unique","Shared_TEAD1_dominant",0,5.52241499157373,9.90764594289992,TRUE,TRUE,254.866073559801,-1.73371979607766,8.57693778876932e-21,TRUE,"Down","Shared"
"SOX9",1,"TES_unique","TES_unique",6126,4.71428283708825,2.18087804290258,FALSE,TRUE,7321.18586696369,-0.859477098015734,8.90218786347801e-12,TRUE,"Down","TES_Unique"
"SP1",1,"TEAD1_unique","TEAD1_unique",-81,23.1292907079061,40.4002843510021,TRUE,FALSE,2388.07394948071,-0.399699014370221,0.00245000311926609,TRUE,"Down","TEAD1_Unique"
"SREBF1",1,"TEAD1_unique","TEAD1_unique",-3296,3.70856168680575,9.99052149908883,FALSE,TRUE,1433.44804923149,-0.543184818827232,0.000350737291615699,TRUE,"Down","TEAD1_Unique"
"STAT1",1,"TES_unique","TES_unique",21296,2.04131196183736,0.245498892084941,FALSE,TRUE,15614.4408821421,-1.62762922296933,3.81161140419094e-40,TRUE,"Down","TES_Unique"
"STAT3",3,"Shared_TES_dominant;Shared_high;TEAD1_unique","TEAD1_unique",0,14.6096549891306,44.4336371693185,TRUE,FALSE,7180.7403670733,-0.54470491622428,6.52466823659624e-06,TRUE,"Down","TEAD1_Unique"
"STAT4",3,"Shared_TEAD1_dominant;Shared_equivalent;TES_unique","Shared_equivalent",-7213,1.86146908310098,4.28994316420222,FALSE,TRUE,19.6816719529543,2.39979736129332,1.92202111209858e-05,TRUE,"Up","Shared"
"STOX1",1,"TEAD1_unique","TEAD1_unique",-13589,2.15457931898608,1.30151430844474,FALSE,TRUE,61.036332633497,2.06956836304665,1.21389354630503e-11,TRUE,"Up","TEAD1_Unique"
"TBX15",3,"Shared_high;TEAD1_unique;TES_unique","TEAD1_unique",11014,7.79412606910423,7.3694559585901,FALSE,TRUE,94.8803821297078,2.75641884118833,5.58993203992166e-24,TRUE,"Up","TEAD1_Unique"
"TCF12",4,"Shared_TEAD1_dominant;Shared_TES_dominant;TEAD1_unique;TES_unique","Shared_TES_dominant",0,4.09212315969446,5.62200929508167,TRUE,TRUE,4482.17179367473,0.614436990092207,3.82867514693608e-06,TRUE,"Up","Shared"
"TCF4",3,"Shared_TEAD1_dominant;Shared_equivalent;TES_unique","Shared_TEAD1_dominant",0,3.91246890191002,2.84618551856875,TRUE,FALSE,3530.97501400837,-1.16018733141414,2.53259155883837e-23,TRUE,"Down","Shared"
"TCF7L1",1,"TEAD1_unique","TEAD1_unique",-43485,0.468220508498195,3.58913161803005,FALSE,TRUE,200.447855644717,-0.773410628963214,5.09305534425905e-05,TRUE,"Down","TEAD1_Unique"
"TCF7L2",2,"Shared_high;TES_unique","TES_unique",-3,15.6103330808328,10.9470778734256,TRUE,TRUE,2675.95154382555,0.913359170508259,2.92021517129249e-11,TRUE,"Up","TES_Unique"
"TEAD1",5,"Shared_TEAD1_dominant;Shared_equivalent;Shared_high;TEAD1_unique;TES_unique","Shared_high",0,4.61274256568024,12.0736818083243,TRUE,TRUE,12993.15739354,1.57307033767246,6.14564995100841e-37,TRUE,"Up","Shared"
"TEAD4",1,"TEAD1_unique","TEAD1_unique",0,0.719228197657873,4.05493328913909,TRUE,FALSE,48.8678737870831,-2.3430508291308,1.95747930947402e-11,TRUE,"Down","TEAD1_Unique"
"TFAP2B",1,"TES_unique","TES_unique",448,3.12786157925924,0.965643185648701,TRUE,FALSE,36.0436114272785,-3.23751781683056,5.79912007803554e-15,TRUE,"Down","TES_Unique"
"TFAP2C",1,"Shared_high","Shared_high",6462,6.65126740830576,16.4890541337494,FALSE,TRUE,2346.19980310112,0.469200696263646,0.000376739138080676,TRUE,"Up","Shared"
"TFB1M",2,"TEAD1_unique;TES_unique","TEAD1_unique",-23,25.7422103096919,17.6442547106121,TRUE,FALSE,272.587985870734,-0.704106831746476,3.0504731272266e-05,TRUE,"Down","TEAD1_Unique"
"TFDP2",2,"Shared_equivalent;TEAD1_unique","TEAD1_unique",2753,2.13167578348084,2.94483486763008,TRUE,TRUE,1336.08532609027,-0.397948309537509,0.00489000905241933,TRUE,"Down","TEAD1_Unique"
"TFEB",1,"TEAD1_unique","TEAD1_unique",-6598,0.761487769879519,1.99229921905137,FALSE,TRUE,369.30100669014,-0.446102370831406,0.00996460118146411,TRUE,"Down","TEAD1_Unique"
"THRB",4,"Shared_TEAD1_dominant;Shared_TES_dominant;TEAD1_unique;TES_unique","Shared_TES_dominant",5633,3.19981244906798,2.78868677704892,FALSE,TRUE,280.174139608359,-1.84406465109746,3.55630287355412e-26,TRUE,"Down","Shared"
"TRPS1",4,"Shared_TES_dominant;Shared_high;TEAD1_unique;TES_unique","Shared_high",-951,8.83953666628205,10.445957676864,TRUE,TRUE,7114.16873366831,-0.655909758075821,8.37267189480535e-08,TRUE,"Down","Shared"
"TSHZ2",3,"Shared_high;TEAD1_unique;TES_unique","TES_unique",17525,8.37991473493453,8.28168879724243,FALSE,TRUE,655.01435456382,0.918131459759964,6.71583721579418e-09,TRUE,"Up","TES_Unique"
"TSHZ3",1,"TES_unique","TES_unique",-29092,3.8859750457006,2.4036577108516,FALSE,TRUE,880.864568667521,1.95423010496698,1.2439810808214e-38,TRUE,"Up","TES_Unique"
"TWIST1",1,"TES_unique","TES_unique",348,1.48809084100847,0.23878830759369,TRUE,FALSE,231.288679212261,-1.62554800883614,6.41839119135194e-17,TRUE,"Down","TES_Unique"
"UBP1",2,"TEAD1_unique;TES_unique","TEAD1_unique",-81,7.35879862341342,14.7082846401152,TRUE,TRUE,2482.67758474624,0.561911629660126,7.16740408437812e-05,TRUE,"Up","TEAD1_Unique"
"VSX1",1,"TES_unique","TES_unique",-5602,2.7447763133388,0.442047101155653,FALSE,TRUE,29.410924244866,-3.60626686358205,5.51105214219726e-14,TRUE,"Down","TES_Unique"
"ZBTB10",3,"Shared_high;TEAD1_unique;TES_unique","TES_unique",1104,4.98410059798848,11.1238911634503,TRUE,TRUE,1452.22176521595,-0.722434634287987,6.55570997796354e-09,TRUE,"Down","TES_Unique"
"ZBTB16",2,"TEAD1_unique;TES_unique","TEAD1_unique",14555,3.85249706832827,5.7506767856902,FALSE,TRUE,4.48603395378579,2.78952555691971,0.0319059917262347,TRUE,"Up","TEAD1_Unique"
"ZBTB18",1,"TES_unique","TES_unique",-19480,5.34173702355772,1.3833301294599,FALSE,TRUE,825.958612550338,-0.510887451282378,0.00116316774370555,TRUE,"Down","TES_Unique"
"ZBTB20",5,"Shared_TEAD1_dominant;Shared_TES_dominant;Shared_equivalent;TEAD1_unique;TES_unique","TES_unique",0,9.04454462917139,3.73129880428314,TRUE,TRUE,7474.26146326144,-1.86697803243441,1.00598657428294e-44,TRUE,"Down","TES_Unique"
"ZBTB38",4,"Shared_TEAD1_dominant;Shared_high;TEAD1_unique;TES_unique","TES_unique",471,6.87884728339265,13.6541156227707,TRUE,TRUE,2550.63187973596,-0.616703028826861,4.81424331270488e-06,TRUE,"Down","TES_Unique"
"ZBTB4",1,"TEAD1_unique","TEAD1_unique",59,1.31908535188566,6.73252517494125,TRUE,FALSE,4414.62453681569,-0.505483352137504,0.000103915566541646,TRUE,"Down","TEAD1_Unique"
"ZBTB40",1,"TES_unique","TES_unique",48732,3.42673717693046,2.00839814742406,FALSE,TRUE,1960.04226148983,0.659979388070861,4.85909857511509e-07,TRUE,"Up","TES_Unique"
"ZBTB46",1,"TEAD1_unique","TEAD1_unique",-2140,1.13739299800661,2.31975654432509,TRUE,FALSE,248.546313673034,-0.555353283918998,0.00681457670366194,TRUE,"Down","TEAD1_Unique"
"ZBTB47",1,"TEAD1_unique","TEAD1_unique",-1715,2.1470444790405,3.28097708140205,TRUE,FALSE,255.852119171301,-1.07630087123756,1.04413847127993e-09,TRUE,"Down","TEAD1_Unique"
"ZBTB5",1,"TEAD1_unique","TEAD1_unique",0,15.6087028119738,33.9269910415277,TRUE,FALSE,650.373170933419,0.41794738245084,0.0120455543520191,TRUE,"Up","TEAD1_Unique"
"ZBTB7C",1,"TEAD1_unique","TEAD1_unique",-45363,1.16412138938904,0.969568413401407,FALSE,TRUE,7.7696166624847,2.77926331560129,0.00438198574490178,TRUE,"Up","TEAD1_Unique"
"ZEB2",4,"Shared_TEAD1_dominant;Shared_TES_dominant;TEAD1_unique;TES_unique","TEAD1_unique",0,3.69975578913125,3.63013641878883,TRUE,TRUE,1616.4997094519,-2.18872301651853,7.80636187538887e-73,TRUE,"Down","TEAD1_Unique"
"ZFAT",6,"Shared_TEAD1_dominant;Shared_TES_dominant;Shared_equivalent;Shared_high;TEAD1_unique;TES_unique","TEAD1_unique",-442,12.2503620834555,22.1389039957539,TRUE,TRUE,692.184928925697,1.30443471728363,2.92933747174717e-22,TRUE,"Up","TEAD1_Unique"
"ZFHX3",2,"TEAD1_unique;TES_unique","TEAD1_unique",589,3.75795771806196,1.79907364927964,TRUE,TRUE,1228.57224134527,-0.651130683241894,2.31938504130124e-06,TRUE,"Down","TEAD1_Unique"
"ZFHX4",3,"Shared_high;TEAD1_unique;TES_unique","TEAD1_unique",-9,14.3308703967376,10.3617597028662,TRUE,TRUE,5085.98233493388,-1.45648745992431,9.41476429366043e-32,TRUE,"Down","TEAD1_Unique"
"ZFP14",1,"TES_unique","TES_unique",0,8.31977590839926,2.24934672137244,TRUE,FALSE,230.094580162556,1.18379331554563,1.38616309617427e-10,TRUE,"Up","TES_Unique"
"ZFP30",1,"TES_unique","TES_unique",0,5.80982538306956,1.21453172382133,TRUE,FALSE,406.488857502333,-0.405294412839255,0.0204549088578159,TRUE,"Down","TES_Unique"
"ZFP82",1,"TES_unique","TES_unique",11782,2.25530660703075,0.162622341818745,FALSE,TRUE,223.68419533118,-1.46492602405984,5.0140298552941e-16,TRUE,"Down","TES_Unique"
"ZFP90",1,"TES_unique","TES_unique",5664,1.66394168020565,0.091235147763605,FALSE,TRUE,8828.93099140708,3.99125015757697,1.64392941866682e-229,TRUE,"Up","TES_Unique"
"ZHX2",1,"Shared_high","Shared_high",-22554,8.21976058294544,5.42605738539649,FALSE,TRUE,537.202917195103,-1.09761461671088,9.7257214644834e-15,TRUE,"Down","Shared"
"ZNF100",1,"TES_unique","TES_unique",0,5.98159994394628,1.21932192846106,TRUE,FALSE,292.772085872196,-0.860301325831507,1.0288159905133e-07,TRUE,"Down","TES_Unique"
"ZNF107",1,"TES_unique","TES_unique",0,19.6345441179793,4.42033531268438,TRUE,FALSE,579.591408628955,-1.15297265086188,2.01017046911321e-15,TRUE,"Down","TES_Unique"
"ZNF124",1,"TES_unique","TES_unique",-7031,1.3424628382012,0.062414287089628,FALSE,TRUE,311.031032340208,0.434723656629165,0.0288851961858999,TRUE,"Up","TES_Unique"
"ZNF136",1,"TES_unique","TES_unique",0,9.00445727372574,2.99928806898958,TRUE,FALSE,489.435832025929,0.438153125586389,0.00958973628405097,TRUE,"Up","TES_Unique"
"ZNF141",1,"TES_unique","TES_unique",0,10.5505329834818,3.55351827571098,TRUE,FALSE,699.005522497473,0.60587504562448,2.4001675099226e-05,TRUE,"Up","TES_Unique"
"ZNF143",2,"TEAD1_unique;TES_unique","TEAD1_unique",-1525,3.74962975832025,1.5515508338627,TRUE,FALSE,454.864154709456,1.12927958679839,1.31472170945661e-13,TRUE,"Up","TEAD1_Unique"
"ZNF17",1,"TEAD1_unique","TEAD1_unique",7236,0.665211965861471,1.79935065268527,FALSE,TRUE,281.102496568853,0.550842062340622,0.00234688545746544,TRUE,"Up","TEAD1_Unique"
"ZNF180",1,"TES_unique","TES_unique",5545,1.31428706077557,0,FALSE,TRUE,468.913120635246,0.672957214532182,1.43756380109176e-05,TRUE,"Up","TES_Unique"
"ZNF217",3,"Shared_TEAD1_dominant;TEAD1_unique;TES_unique","TEAD1_unique",-1580,3.90465162346296,7.21204320886796,TRUE,TRUE,2702.49131502747,-1.28386392604916,8.39937916706546e-27,TRUE,"Down","TEAD1_Unique"
"ZNF22",1,"TES_unique","TES_unique",616,5.24653563074682,3.76212983912435,TRUE,FALSE,133.130560933663,-2.04910642057808,3.00858577020453e-12,TRUE,"Down","TES_Unique"
"ZNF226",1,"TES_unique","TES_unique",0,24.9248946585306,11.9046368050658,TRUE,FALSE,756.592067043883,0.571947490816703,0.000158607680556899,TRUE,"Up","TES_Unique"
"ZNF227",1,"TES_unique","TES_unique",-4861,2.7689349116566,1.40586559163447,FALSE,TRUE,422.932823111581,0.386530577157266,0.0273519933514908,TRUE,"Up","TES_Unique"
"ZNF233",1,"TES_unique","TES_unique",-5095,1.05083641948783,0.0275690084189371,FALSE,TRUE,83.1030807237155,1.23525617849529,0.000154070030677416,TRUE,"Up","TES_Unique"
"ZNF235",1,"Shared_TES_dominant","Shared_TES_dominant",0,12.7294188716955,5.01401615310133,TRUE,FALSE,171.666813403356,1.00179828386832,1.80202529367382e-06,TRUE,"Up","Shared"
"ZNF25",1,"Shared_equivalent","Shared_equivalent",23910,0.9906406856022,0.721722865519104,FALSE,TRUE,182.746240832247,-0.598418956101359,0.00663733845976356,TRUE,"Down","Shared"
"ZNF260",1,"TES_unique","TES_unique",0,17.392903092908,3.02502618534602,TRUE,FALSE,659.144226535018,0.483588305953417,0.00526731372628302,TRUE,"Up","TES_Unique"
"ZNF266",1,"TES_unique","TES_unique",4759,1.86121644011661,0,FALSE,TRUE,616.064725177998,0.441510344137117,0.00297081420043533,TRUE,"Up","TES_Unique"
"ZNF273",1,"TES_unique","TES_unique",0,11.9765996085,1.80474758906053,TRUE,FALSE,197.364638653662,-0.483240868151043,0.0133315337475786,TRUE,"Down","TES_Unique"
"ZNF274",1,"TES_unique","TES_unique",-10250,1.25373383597752,0.210186669676323,FALSE,TRUE,687.057635070235,0.97048628339624,1.93813264317505e-10,TRUE,"Up","TES_Unique"
"ZNF275",1,"TEAD1_unique","TEAD1_unique",-563,1.47650409963249,2.09189077415958,TRUE,FALSE,1290.31991271238,0.942464946639856,9.68737352723164e-12,TRUE,"Up","TEAD1_Unique"
"ZNF280C",2,"Shared_TES_dominant;TEAD1_unique","Shared_TES_dominant",-16315,5.15745334005625,3.00699588646323,FALSE,TRUE,908.874694626707,0.941914423694859,3.73976805972532e-10,TRUE,"Up","Shared"
"ZNF280D",1,"TEAD1_unique","TEAD1_unique",-2192,1.20590684659553,3.78329167373253,TRUE,FALSE,325.430477589562,-2.4874767599826,4.65584243241476e-55,TRUE,"Down","TEAD1_Unique"
"ZNF283",1,"TES_unique","TES_unique",0,8.41812341223966,2.2778404636963,TRUE,FALSE,568.521849761681,0.815411230721508,6.62328733760799e-08,TRUE,"Up","TES_Unique"
"ZNF292",1,"TES_unique","TES_unique",-894,1.90553167852254,0.551213023334369,TRUE,FALSE,4661.4290591947,-1.13785511684408,7.62189985788973e-20,TRUE,"Down","TES_Unique"
"ZNF30",1,"TES_unique","TES_unique",10046,2.32098190638078,0.0885357342046382,FALSE,TRUE,79.5386632727429,-0.840330574295714,0.00238202341573284,TRUE,"Down","TES_Unique"
"ZNF311",1,"TEAD1_unique","TEAD1_unique",-11539,0.312093520076466,0.825262641152249,FALSE,TRUE,22.5513308483543,-2.07371351609126,5.15102467076371e-06,TRUE,"Down","TEAD1_Unique"
"ZNF317",1,"TES_unique","TES_unique",0,4.93568956036521,1.05858094289689,TRUE,FALSE,1518.94722649581,0.53243481173646,0.00018197788588828,TRUE,"Up","TES_Unique"
"ZNF333",1,"TES_unique","TES_unique",24884,1.43903119709247,0,FALSE,TRUE,771.460751363147,1.39414736456952,4.88388238069358e-23,TRUE,"Up","TES_Unique"
"ZNF345",1,"TES_unique","TES_unique",0,8.58245266205599,2.41377184447788,TRUE,FALSE,211.400385466969,0.850465377565138,1.01662875457049e-05,TRUE,"Up","TES_Unique"
"ZNF366",4,"Shared_TES_dominant;Shared_equivalent;TEAD1_unique;TES_unique","Shared_TES_dominant",-3423,4.25597776755502,3.29231005222709,FALSE,TRUE,5.24134296332506,2.40171975932772,0.0445831916135017,TRUE,"Up","Shared"
"ZNF367",1,"TEAD1_unique","TEAD1_unique",-2186,2.2672583105372,7.34718103417164,TRUE,FALSE,256.733590852176,-0.875567813713888,1.61515861348008e-06,TRUE,"Down","TEAD1_Unique"
"ZNF382",1,"TES_unique","TES_unique",448,1.24216684928805,0,TRUE,FALSE,452.165038295069,0.962421182905056,4.52249067356124e-10,TRUE,"Up","TES_Unique"
"ZNF383",1,"TES_unique","TES_unique",0,11.1128068494797,2.5733558062315,TRUE,FALSE,379.61904878662,0.513711785432966,0.00180772935281372,TRUE,"Up","TES_Unique"
"ZNF395",1,"TES_unique","TES_unique",5955,1.26051916074567,0.580948399405266,FALSE,TRUE,560.819543922289,-1.36774396693456,1.10917898778691e-21,TRUE,"Down","TES_Unique"
"ZNF397",1,"TES_unique","TES_unique",-331,1.43380615582653,0,TRUE,FALSE,550.959698892868,0.384902479469719,0.0159606516840897,TRUE,"Up","TES_Unique"
"ZNF404",1,"Shared_equivalent","Shared_equivalent",10598,1.60067452759494,0.761812300044953,FALSE,TRUE,121.599812861884,0.572615889276861,0.0129460369273838,TRUE,"Up","Shared"
"ZNF420",1,"TES_unique","TES_unique",0,1.52218140426241,0.260495329160749,TRUE,FALSE,258.651837242882,0.599003577596824,0.00186335877548984,TRUE,"Up","TES_Unique"
"ZNF426",1,"TES_unique","TES_unique",7239,3.66398277848442,0.0393786411097063,FALSE,TRUE,711.332827185981,-0.916664121677094,2.17690835620938e-10,TRUE,"Down","TES_Unique"
"ZNF43",1,"TES_unique","TES_unique",0,12.007167619404,1.86296099487104,TRUE,FALSE,461.338315035059,-1.37600889691341,1.11649202078568e-19,TRUE,"Down","TES_Unique"
"ZNF430",1,"TES_unique","TES_unique",0,9.33345665755095,1.4695974279333,TRUE,FALSE,357.174369086485,-0.660078418365689,0.000134551114104806,TRUE,"Down","TES_Unique"
"ZNF431",2,"TEAD1_unique;TES_unique","TES_unique",0,12.226625326618,2.03585328356387,TRUE,TRUE,999.873551971372,0.4007094024536,0.00338724846652252,TRUE,"Up","TES_Unique"
"ZNF432",1,"TES_unique","TES_unique",0,5.8815275851418,3.04558312160517,TRUE,FALSE,1331.3916281653,2.60779489843246,8.85088995801611e-94,TRUE,"Up","TES_Unique"
"ZNF433",1,"TES_unique","TES_unique",2362,1.59722964956711,0.102133292936336,TRUE,FALSE,565.760800861627,1.26302904126043,5.0476033902478e-19,TRUE,"Up","TES_Unique"
"ZNF439",1,"TES_unique","TES_unique",1814,2.79016926707256,0.209624085397947,TRUE,FALSE,415.307414134197,-1.20105757333881,4.89774984495931e-16,TRUE,"Down","TES_Unique"
"ZNF44",2,"Shared_TEAD1_dominant;TES_unique","TES_unique",5294,1.49596006020426,4.79962845012201,FALSE,TRUE,1196.29185674456,0.808827712187157,7.6027096194329e-10,TRUE,"Up","TES_Unique"
"ZNF441",2,"Shared_TEAD1_dominant;TES_unique","TES_unique",0,12.2295916045921,5.98166448597747,TRUE,TRUE,895.96025045734,0.954603464799832,6.84670620224037e-08,TRUE,"Up","TES_Unique"
"ZNF443",1,"TES_unique","TES_unique",0,26.7612688417559,4.18096889613511,TRUE,FALSE,176.69047356453,1.43692526526676,9.44403659566621e-13,TRUE,"Up","TES_Unique"
"ZNF461",1,"TES_unique","TES_unique",0,7.20252574099597,1.62765962147518,TRUE,FALSE,312.439425349673,0.64436444725908,0.000838460154213514,TRUE,"Up","TES_Unique"
"ZNF468",1,"TEAD1_unique","TEAD1_unique",-115,1.15590143770347,4.09271309258025,TRUE,FALSE,323.808129585173,-0.567472823328326,0.000678207088721174,TRUE,"Down","TEAD1_Unique"
"ZNF470",1,"TES_unique","TES_unique",3096,1.57341431407814,0.142149241322065,FALSE,TRUE,557.444650852733,0.419978938531749,0.0061883516459404,TRUE,"Up","TES_Unique"
"ZNF471",1,"TES_unique","TES_unique",0,24.9978645787622,4.25860593252228,TRUE,FALSE,397.935144571208,0.863866255820477,3.13621679420079e-07,TRUE,"Up","TES_Unique"
"ZNF485",1,"Shared_TEAD1_dominant","Shared_TEAD1_dominant",7122,2.73311791737418,4.4735746998554,FALSE,TRUE,110.807212134427,1.0414140452004,6.7111839720979e-05,TRUE,"Up","Shared"
"ZNF487",1,"TEAD1_unique","TEAD1_unique",44417,0.375024136627399,1.19683743541754,FALSE,TRUE,67.3749403574919,0.661445011087892,0.0235346969361878,TRUE,"Up","TEAD1_Unique"
"ZNF491",1,"TES_unique","TES_unique",0,6.95860467429431,1.50998187627432,TRUE,FALSE,111.315822502589,0.621921894674172,0.0102175423664167,TRUE,"Up","TES_Unique"
"ZNF493",1,"TES_unique","TES_unique",0,16.5798437716659,2.28974697127339,TRUE,FALSE,526.54272628496,-0.363292039536699,0.0266858707210846,TRUE,"Down","TES_Unique"
"ZNF516",2,"Shared_TEAD1_dominant;TEAD1_unique","Shared_TEAD1_dominant",30654,2.84941758105048,25.8863718024007,FALSE,TRUE,1084.28967550828,0.767072335536679,1.8130885577276e-07,TRUE,"Up","Shared"
"ZNF525",1,"TES_unique","TES_unique",2040,2.07838174765156,0.0881041526387576,TRUE,FALSE,575.642069032928,0.493001087413143,0.00155010255053178,TRUE,"Up","TES_Unique"
"ZNF532",1,"TES_unique","TES_unique",-12067,1.64434272754523,0.850460530983077,FALSE,TRUE,2729.33616050244,0.372183509115908,0.00412246217990368,TRUE,"Up","TES_Unique"
"ZNF536",1,"Shared_high","Shared_high",19754,5.11481012712445,25.1248571161638,FALSE,TRUE,66.1155871603413,0.973262005014662,0.000736784701729563,TRUE,"Up","Shared"
"ZNF540",1,"TES_unique","TES_unique",0,8.68772679242221,2.98465327349576,TRUE,FALSE,34.0227270903562,0.850484980127334,0.030792259375322,TRUE,"Up","TES_Unique"
"ZNF542P",1,"Shared_TEAD1_dominant","Shared_TEAD1_dominant",3921,1.44311605918654,0.377015249540577,FALSE,TRUE,36.8098359787016,-2.03146138426244,1.60810846755449e-08,TRUE,"Down","Shared"
"ZNF543",1,"Shared_high","Shared_high",-18135,12.2086002541403,26.3168741637825,FALSE,TRUE,689.323255593039,0.454656207305643,0.00156899648867937,TRUE,"Up","Shared"
"ZNF546",1,"TES_unique","TES_unique",0,3.75219318749475,0.823133261542503,TRUE,FALSE,392.679578023115,0.420298894654633,0.0139952996844474,TRUE,"Up","TES_Unique"
"ZNF555",1,"TES_unique","TES_unique",11064,1.5291588366748,0.0206190228914626,FALSE,TRUE,667.055494024319,1.93920372747752,2.13903119016282e-43,TRUE,"Up","TES_Unique"
"ZNF561",1,"TES_unique","TES_unique",0,2.46110341894812,0.286834834256115,TRUE,FALSE,796.729956741226,0.402500097503388,0.0112041619763553,TRUE,"Up","TES_Unique"
"ZNF563",1,"TES_unique","TES_unique",0,18.0506062023882,5.89660792454429,TRUE,FALSE,128.127002357024,0.854028653189468,0.00021654359799695,TRUE,"Up","TES_Unique"
"ZNF564",2,"Shared_TEAD1_dominant;TES_unique","TES_unique",0,21.3980663992887,8.76479992246347,TRUE,FALSE,63.6966948852761,0.68209715782828,0.0282980000603506,TRUE,"Up","TES_Unique"
"ZNF565",1,"TES_unique","TES_unique",0,16.9696258865036,9.21848972277208,TRUE,FALSE,101.172823737497,1.66152990444431,1.97137247988232e-11,TRUE,"Up","TES_Unique"
"ZNF566",1,"TES_unique","TES_unique",0,8.14764765192409,3.05097473212305,TRUE,FALSE,295.493536139203,0.4381544927826,0.0153696409044184,TRUE,"Up","TES_Unique"
"ZNF568",1,"TES_unique","TES_unique",0,2.46697890703998,0.246681060005979,TRUE,FALSE,283.077541758548,0.659876904895535,0.000174517252753695,TRUE,"Up","TES_Unique"
"ZNF569",1,"TES_unique","TES_unique",0,7.80988378929572,1.37774666911716,TRUE,FALSE,222.158422498064,0.535977909804524,0.0201012104268167,TRUE,"Up","TES_Unique"
"ZNF570",1,"TES_unique","TES_unique",4012,2.79865867560145,0.0472316221192103,FALSE,TRUE,350.793985997811,0.632824856746362,0.000250910039819685,TRUE,"Up","TES_Unique"
"ZNF585A",1,"TES_unique","TES_unique",0,14.8543805907675,3.50722595518928,TRUE,FALSE,495.785362239822,0.622399658707737,0.000167783195325134,TRUE,"Up","TES_Unique"
"ZNF585B",1,"TES_unique","TES_unique",0,13.5599511949767,2.47278830082969,TRUE,FALSE,665.307964018915,0.460571790827273,0.00540859551794899,TRUE,"Up","TES_Unique"
"ZNF592",1,"TEAD1_unique","TEAD1_unique",-12714,1.06646606694112,2.7687839639774,FALSE,TRUE,3142.66078784009,-0.625903187528123,5.04354080679178e-07,TRUE,"Down","TEAD1_Unique"
"ZNF595",1,"TES_unique","TES_unique",18045,1.3061950823673,0.0638025623409688,FALSE,TRUE,466.882814170427,0.445305592798162,0.00994239677150149,TRUE,"Up","TES_Unique"
"ZNF607",1,"TES_unique","TES_unique",-18728,1.56819824372741,0,FALSE,TRUE,136.309191193885,0.949162012663079,7.9946684331002e-06,TRUE,"Up","TES_Unique"
"ZNF611",2,"Shared_TEAD1_dominant;TEAD1_unique","Shared_TEAD1_dominant",-657,4.2126322295633,3.34417500003936,TRUE,TRUE,825.74237770411,0.701980667402761,8.60996340352626e-07,TRUE,"Up","Shared"
"ZNF613",1,"TES_unique","TES_unique",0,6.03352262034561,1.64237199388283,TRUE,FALSE,107.819751341089,-1.2057806687333,1.03785211599108e-07,TRUE,"Down","TES_Unique"
"ZNF620",1,"TEAD1_unique","TEAD1_unique",-1099,0.459955977625919,2.42216222033356,TRUE,FALSE,293.347833127806,-0.420377894472775,0.0273532676749446,TRUE,"Down","TEAD1_Unique"
"ZNF621",2,"Shared_TEAD1_dominant;Shared_TES_dominant","Shared_TEAD1_dominant",-8553,3.37051723416153,2.02677356005742,FALSE,TRUE,1430.43838428809,-0.291558565825024,0.0436440149460505,TRUE,"Down","Shared"
"ZNF639",1,"Shared_TEAD1_dominant","Shared_TEAD1_dominant",-16818,1.90859438509687,2.41149663860454,FALSE,TRUE,640.892193373796,-0.428719752064491,0.0147928738151879,TRUE,"Down","Shared"
"ZNF664",1,"TEAD1_unique","TEAD1_unique",-2366,2.3525336736091,3.50612210835169,TRUE,FALSE,1620.69425606911,0.549502729769551,0.00133807274851899,TRUE,"Up","TEAD1_Unique"
"ZNF667",1,"TES_unique","TES_unique",31648,1.8186916326409,0,FALSE,TRUE,530.564447876473,0.424394338866824,0.00709764878830647,TRUE,"Up","TES_Unique"
"ZNF678",2,"TEAD1_unique;TES_unique","TEAD1_unique",254,2.5035050558773,1.85732526535338,TRUE,TRUE,352.623477661323,0.434969488794233,0.0138503920989485,TRUE,"Up","TEAD1_Unique"
"ZNF680",1,"TES_unique","TES_unique",0,13.8834557882436,4.05640714001237,TRUE,FALSE,547.326194262523,-0.575590143111612,6.38012260407428e-05,TRUE,"Down","TES_Unique"
"ZNF681",1,"TES_unique","TES_unique",0,8.15503257553594,1.22627090982028,TRUE,FALSE,83.8644987630228,-1.39809556495663,4.15807290859591e-08,TRUE,"Down","TES_Unique"
"ZNF682",1,"TES_unique","TES_unique",-12554,30.3646115243272,4.66313302408664,FALSE,TRUE,210.616002994018,-0.548860583734201,0.00813529213512475,TRUE,"Down","TES_Unique"
"ZNF69",1,"TES_unique","TES_unique",17314,1.58108578362407,0.0271004781204184,FALSE,TRUE,107.816467333859,-1.23999462083399,1.19496177863335e-07,TRUE,"Down","TES_Unique"
"ZNF699",3,"Shared_TEAD1_dominant;Shared_TES_dominant;Shared_high","Shared_high",0,23.4467203823855,10.7361188459475,TRUE,TRUE,296.836235046737,-0.788516296658077,1.70855886477552e-06,TRUE,"Down","Shared"
"ZNF704",4,"Shared_TES_dominant;Shared_equivalent;TEAD1_unique;TES_unique","TEAD1_unique",0,3.39226634591759,2.50252228893002,TRUE,TRUE,97.6370025873117,-0.974263550918175,6.45796064899844e-05,TRUE,"Down","TEAD1_Unique"
"ZNF713",1,"TES_unique","TES_unique",215,1.31269921850353,1.73904789439382,TRUE,FALSE,202.224260905969,-0.681839494118524,0.000207149138887297,TRUE,"Down","TES_Unique"
"ZNF718",1,"TES_unique","TES_unique",0,15.5438295973554,1.91528149791771,TRUE,FALSE,342.475420876457,0.502342165434558,0.00238963584729831,TRUE,"Up","TES_Unique"
"ZNF724",1,"TES_unique","TES_unique",0,13.3812677874887,3.26686128260899,TRUE,FALSE,62.9510765440106,-2.64926056946183,1.07189866611352e-18,TRUE,"Down","TES_Unique"
"ZNF726",1,"TES_unique","TES_unique",0,4.58714916655048,0.827400744508166,TRUE,FALSE,37.5841197431431,-2.22054585760941,5.11652792704524e-09,TRUE,"Down","TES_Unique"
"ZNF736",1,"TES_unique","TES_unique",-3310,20.6779636578126,5.09238274004122,FALSE,TRUE,402.789184471492,-1.33180995084051,4.03412726025802e-17,TRUE,"Down","TES_Unique"
"ZNF737",1,"TES_unique","TES_unique",0,5.08839667566498,0.871384074373516,TRUE,FALSE,242.430916571025,1.27386306209274,6.93462822601788e-13,TRUE,"Up","TES_Unique"
"ZNF765",1,"TES_unique","TES_unique",-13375,1.3598984188407,0,FALSE,TRUE,603.227597226281,0.665773488855696,9.89047812823192e-06,TRUE,"Up","TES_Unique"
"ZNF773",1,"TES_unique","TES_unique",0,3.82845425696084,0.979092452562217,TRUE,FALSE,305.32080304298,-0.747882844805169,6.93963513944116e-06,TRUE,"Down","TES_Unique"
"ZNF774",2,"Shared_high;TEAD1_unique","TEAD1_unique",3655,8.06926871888581,11.4620180156831,FALSE,TRUE,372.163464319003,0.572060254229643,0.00028696866222033,TRUE,"Up","TEAD1_Unique"
"ZNF778",1,"TEAD1_unique","TEAD1_unique",16181,1.60074390417347,2.96369297459652,FALSE,TRUE,443.268138965723,0.829318259717172,5.96618003810681e-08,TRUE,"Up","TEAD1_Unique"
"ZNF780A",1,"TES_unique","TES_unique",14240,1.52057656175692,0.0568436645256615,FALSE,TRUE,1048.01942379231,1.16316069871495,5.15369128612073e-18,TRUE,"Up","TES_Unique"
"ZNF780B",2,"Shared_TEAD1_dominant;TES_unique","TES_unique",0,4.47624847089204,2.27129577766958,TRUE,TRUE,1481.49849234427,0.753091658108789,1.54105460836935e-09,TRUE,"Up","TES_Unique"
"ZNF782",1,"TEAD1_unique","TEAD1_unique",-8973,0.769071725556274,1.03793800500483,FALSE,TRUE,390.054915363722,0.526986273727413,0.00345056739387638,TRUE,"Up","TEAD1_Unique"
"ZNF799",1,"TES_unique","TES_unique",0,18.5744525787278,3.51921538707658,TRUE,FALSE,166.615593713851,1.81302849041214,4.00554411934057e-18,TRUE,"Up","TES_Unique"
"ZNF823",1,"TES_unique","TES_unique",0,17.63243233441,6.77759526466411,TRUE,FALSE,222.846104032908,1.48608185294736,1.87758588279959e-16,TRUE,"Up","TES_Unique"
"ZNF829",1,"TES_unique","TES_unique",0,12.6258733692462,2.35415038614408,TRUE,FALSE,319.061711610514,0.425334313693669,0.0424588422541574,TRUE,"Up","TES_Unique"
"ZNF83",2,"Shared_TES_dominant;TES_unique","Shared_TES_dominant",-61,6.32022426021633,5.44163158254244,TRUE,TRUE,878.721834572009,0.371584288034516,0.0128768600770844,TRUE,"Up","Shared"
"ZNF841",1,"TES_unique","TES_unique",-19531,2.32639386229372,0.0329535803757608,FALSE,TRUE,1357.01898388754,2.20896903796393,3.68105192138157e-66,TRUE,"Up","TES_Unique"
"ZNF846",1,"TES_unique","TES_unique",0,8.26936572991707,3.85706081012213,TRUE,FALSE,146.517035078095,0.542394840426895,0.0159396547393457,TRUE,"Up","TES_Unique"
"ZNF85",1,"TES_unique","TES_unique",0,5.96325699138564,0.866985733419681,TRUE,FALSE,144.760023238329,-0.776578171897261,0.000312862661489661,TRUE,"Down","TES_Unique"
"ZNF850",2,"Shared_TES_dominant;TES_unique","Shared_TES_dominant",0,9.05819262313736,2.30193468873055,TRUE,TRUE,198.40066388979,0.579027318616292,0.00277905517613213,TRUE,"Up","Shared"
"ZNF878",1,"TES_unique","TES_unique",0,13.7657213993435,7.17604314683838,TRUE,FALSE,65.0393216353018,1.77648269217886,3.09032333966967e-09,TRUE,"Up","TES_Unique"
"ZNF880",1,"TES_unique","TES_unique",-29,3.98643609763539,1.57747046051726,TRUE,FALSE,286.911056107657,0.626837950473952,0.000434776001284803,TRUE,"Up","TES_Unique"
"ZNF91",1,"TES_unique","TES_unique",0,14.5059397358679,1.37307597747294,TRUE,FALSE,1896.52159077064,0.341841141955364,0.0204464049929603,TRUE,"Up","TES_Unique"
"ZNF92",1,"Shared_TEAD1_dominant","Shared_TEAD1_dominant",24820,1.52956058986658,4.66430812678653,FALSE,TRUE,628.232400230207,-0.750631413811072,8.48079778285454e-06,TRUE,"Down","Shared"
"ZSCAN9",1,"TEAD1_unique","TEAD1_unique",0,0.530952916056251,3.54669146569611,TRUE,FALSE,171.594418173419,-3.44356114061684,1.81005870593487e-47,TRUE,"Down","TEAD1_Unique"
